3HAD100	0	3hdecACP_c --> h2o_c + tdec2eACP_c	(R)-3-Hydroxydecanoyl-[acyl-carrier protein] --> H2O + trans-Dec-2-enoyl-[acyl-carrier protein]	(0.0, 1000.0)	{}
3HAD121	0	3hcddec5eACP_c --> h2o_c + t3c5ddeceACP_c	(R)-3-hydroxy-cis-dodec-5-enoyl-[acyl-carrier protein] --> H2O + trans-3-cis-5-dodecenoyl-[acyl-carrier protein]	(0.0, 1000.0)	{}
3HAD141	0	3hcmrs7eACP_c --> h2o_c + t3c7mrseACP_c	(R)-3-hydroxy-cis-myristol-7-eoyl-[acyl-carrier protein] --> H2O + trans-3-cis-7-myristoleoyl-[acyl-carrier protein]	(0.0, 1000.0)	{}
3HAD161	0	3hcpalm9eACP_c --> h2o_c + t3c9palmeACP_c	(R)-3-hydroxy-cis-palm-9-eoyl-[acyl-carrier protein] --> H2O + trans-3-cis-9-palmitoleoyl-[acyl-carrier protein]	(0.0, 1000.0)	{}
3HAD181	0	3hcvac11eACP_c --> h2o_c + t3c11vaceACP_c	(R)-3-hydroxy-cis-vacc-11-enoyl-[acyl-carrier protein] --> H2O + trans-3-cis-11-vacceoyl-[acyl-carrier protein]	(0.0, 1000.0)	{}
3HAD40	0	3haACP_c --> but2eACP_c + h2o_c	(3R)-3-Hydroxyacyl-[acyl-carrier protein] --> But-2-enoyl-[acyl-carrier protein] + H2O	(0.0, 1000.0)	{}
3HAD60	0	3hhexACP_c --> h2o_c + thex2eACP_c	(R)-3-Hydroxyhexanoyl-[acyl-carrier protein] --> H2O + trans-Hex-2-enoyl-[acyl-carrier protein]	(0.0, 1000.0)	{}
3HAD80	0	3hoctACP_c --> h2o_c + toct2eACP_c	(R)-3-Hydroxyoctanoyl-[acyl-carrier protein] --> H2O + trans-Oct-2-enoyl-[acyl-carrier protein]	(0.0, 1000.0)	{}
3OAR100	0	3odecACP_c + h_c + nadph_c --> 3hdecACP_c + nadp_c	3-Oxodecanoyl-[acyl-carrier protein] + H+ + Nicotinamide adenine dinucleotide phosphate - reduced --> (R)-3-Hydroxydecanoyl-[acyl-carrier protein] + Nicotinamide adenine dinucleotide phosphate	(0.0, 1000.0)	{}
3OAR40	0	actACP_c + h_c + nadph_c --> 3haACP_c + nadp_c	Acetoacetyl-ACP + H+ + Nicotinamide adenine dinucleotide phosphate - reduced --> (3R)-3-Hydroxyacyl-[acyl-carrier protein] + Nicotinamide adenine dinucleotide phosphate	(0.0, 1000.0)	{}
3OAR60	0	3ohexACP_c + h_c + nadph_c --> 3hhexACP_c + nadp_c	3-Oxohexanoyl-[acyl-carrier protein] + H+ + Nicotinamide adenine dinucleotide phosphate - reduced --> (R)-3-Hydroxyhexanoyl-[acyl-carrier protein] + Nicotinamide adenine dinucleotide phosphate	(0.0, 1000.0)	{}
3OAR80	0	3ooctACP_c + h_c + nadph_c --> 3hoctACP_c + nadp_c	3-Oxooctanoyl-[acyl-carrier protein] + H+ + Nicotinamide adenine dinucleotide phosphate - reduced --> (R)-3-Hydroxyoctanoyl-[acyl-carrier protein] + Nicotinamide adenine dinucleotide phosphate	(0.0, 1000.0)	{}
3OAR121	0	3ocddec5eACP_c + h_c + nadph_c --> 3hcddec5eACP_c + nadp_c	3-oxo-cis-dodec-5-enoyl-[acyl-carrier protein] + H+ + Nicotinamide adenine dinucleotide phosphate - reduced --> (R)-3-hydroxy-cis-dodec-5-enoyl-[acyl-carrier protein] + Nicotinamide adenine dinucleotide phosphate	(0.0, 1000.0)	{}
3OAR141	0	3ocmrs7eACP_c + h_c + nadph_c --> 3hcmrs7eACP_c + nadp_c	3-oxo-cis-myristol-7-eoyl-[acyl-carrier protein] + H+ + Nicotinamide adenine dinucleotide phosphate - reduced --> (R)-3-hydroxy-cis-myristol-7-eoyl-[acyl-carrier protein] + Nicotinamide adenine dinucleotide phosphate	(0.0, 1000.0)	{}
3OAR161	0	3ocpalm9eACP_c + h_c + nadph_c --> 3hcpalm9eACP_c + nadp_c	3-oxo-cis-palm-9-eoyl-[acyl-carrier protein] + H+ + Nicotinamide adenine dinucleotide phosphate - reduced --> (R)-3-hydroxy-cis-palm-9-eoyl-[acyl-carrier protein] + Nicotinamide adenine dinucleotide phosphate	(0.0, 1000.0)	{}
3OAR181	0	3ocvac11eACP_c + h_c + nadph_c --> 3hcvac11eACP_c + nadp_c	3-oxo-cis-vacc-11-enoyl-[acyl-carrier protein] + H+ + Nicotinamide adenine dinucleotide phosphate - reduced --> (R)-3-hydroxy-cis-vacc-11-enoyl-[acyl-carrier protein] + Nicotinamide adenine dinucleotide phosphate	(0.0, 1000.0)	{}
