PPC	0.218	co2_c + h2o_c + pep_c --> h_c + oaa_c + pi_c	CO2 + H2O + Phosphoenolpyruvate --> H+ + Oxaloacetate + Phosphate	(0.0, 1000.0)	{}
ACONTa	0.246	cit_c --> acon_C_c + h2o_c	Citrate --> cis-Aconitate + H2O	(0.0, 1000.0)	{}
ACONTb	0.246	acon_C_c + h2o_c --> icit_c	cis-Aconitate + H2O --> Isocitrate	(0.0, 1000.0)	{}
AKGDH	0.185	akg_c + coa_c + nad_c --> co2_c + nadh_c + succoa_c	2-Oxoglutarate + Coenzyme A + Nicotinamide adenine dinucleotide --> CO2 + Nicotinamide adenine dinucleotide - reduced + Succinyl-CoA	(0.0, 1000.0)	{}
CS_num1	0.246	accoa_c + h2o_c + oaa_c --> cit_c + coa_c + h_c	Acetyl-CoA + H2O + Oxaloacetate --> Citrate + Coenzyme A + H+	(0.0, 1000.0)	{}
FUM	0.204	fum_c + h2o_c --> mal__L_c	Fumarate + H2O --> L-Malate	(0.0, 1000.0)	{}
ICDHyr	0.246	icit_c + nadp_c --> akg_c + co2_c + nadph_c	Isocitrate + Nicotinamide adenine dinucleotide phosphate --> 2-Oxoglutarate + CO2 + Nicotinamide adenine dinucleotide phosphate - reduced	(0.0, 1000.0)	{}
MDH	0.204	mal__L_c + nad_c --> h_c + nadh_c + oaa_c	L-Malate + Nicotinamide adenine dinucleotide --> H+ + Nicotinamide adenine dinucleotide - reduced + Oxaloacetate	(0.0, 1000.0)	{}
SUCOAS	0.185	adp_c + pi_c + succoa_c --> atp_c + coa_c + succ_c	ADP + Phosphate + Succinyl-CoA --> ATP + Coenzyme A + Succinate	(0.0, 1000.0)	{}
EX_co2_e	1.006	co2_e --> 	CO2 --> 	(0, 1000.0)	{'C': -1.0, 'O': -2.0}
EX_h_e	0.33	h_e --> 	H+ --> 	(0.0, 1000.0)	{'charge': -1.0, 'H': -1.0}
EX_h2o_e	1.936	h2o_e --> 	H2O --> 	(0.0, 1000.0)	{'H': -2.0, 'O': -1.0}
EX_o2_e	-0.863	o2_e <=> 	O2 <=> 	(-1000, 1000.0)	{'O': -2.0}
GLUDy	0.291	akg_c + h_c + nadph_c + nh4_c --> glu__L_c + h2o_c + nadp_c	2-Oxoglutarate + H+ + Nicotinamide adenine dinucleotide phosphate - reduced + Ammonium --> L-Glutamate + H2O + Nicotinamide adenine dinucleotide phosphate	(0.0, 1000.0)	{}
ENO	0.719	2pg_c --> h2o_c + pep_c	D-Glycerate 2-phosphate --> H2O + Phosphoenolpyruvate	(0.0, 1000.0)	{}
FBA	0.361	fdp_c --> dhap_c + g3p_c	D-Fructose 1,6-bisphosphate --> Dihydroxyacetone phosphate + Glyceraldehyde 3-phosphate	(0.0, 1000.0)	{}
GAPD_num1	0.761	g3p_c + nad_c + pi_c --> 13dpg_c + h_c + nadh_c	Glyceraldehyde 3-phosphate + Nicotinamide adenine dinucleotide + Phosphate --> 3-Phospho-D-glyceroyl phosphate + H+ + Nicotinamide adenine dinucleotide - reduced	(0.0, 1000.0)	{}
PDH	0.449	coa_c + nad_c + pyr_c --> accoa_c + co2_c + nadh_c	Coenzyme A + Nicotinamide adenine dinucleotide + Pyruvate --> Acetyl-CoA + CO2 + Nicotinamide adenine dinucleotide - reduced	(0.0, 1000.0)	{}
PFK	0.361	atp_c + f6p_c --> adp_c + fdp_c + h_c	ATP + D-Fructose 6-phosphate --> ADP + D-Fructose 1,6-bisphosphate + H+	(0.0, 1000.0)	{}
PGI	0.276	g6p_c --> f6p_c	D-Glucose 6-phosphate --> D-Fructose 6-phosphate	(0.0, 1000.0)	{}
PGK	0.761	13dpg_c + adp_c --> 3pg_c + atp_c	3-Phospho-D-glyceroyl phosphate + ADP --> 3-Phospho-D-glycerate + ATP	(0.0, 1000.0)	{}
TPI	0.358	dhap_c --> g3p_c	Dihydroxyacetone phosphate --> Glyceraldehyde 3-phosphate	(0.0, 1000.0)	{}
NH4tpp_num1	0.362	nh4_e --> nh4_c	Ammonium --> Ammonium	(0.0, 1000.0)	{}
O2tpp	0.863	o2_e --> o2_c	O2 --> O2	(0.0, 1000.0)	{}
ATPS4rpp	2.774	adp_c + 4.0 h_e + pi_c --> atp_c + h2o_c + 3.0 h_c	ADP + 4.0 H+ + Phosphate --> ATP + H2O + 3.0 H+	(0.0, 1000.0)	{}
CYTBO3_4pp	1.725	4.0 h_c + 0.5 o2_c + q8h2_c --> h2o_c + 4.0 h_e + q8_c	4.0 H+ + 0.5 O2 + Ubiquinol-8 --> H2O + 4.0 H+ + Ubiquinone-8	(0.0, 1000.0)	{}
NADH16pp	1.527	4.0 h_c + nadh_c + q8_c --> 3.0 h_e + nad_c + q8h2_c	4.0 H+ + Nicotinamide adenine dinucleotide - reduced + Ubiquinone-8 --> 3.0 H+ + Nicotinamide adenine dinucleotide + Ubiquinol-8	(0.0, 1000.0)	{}
SUCDi	0.185	q8_c + succ_c --> fum_c + q8h2_c	Ubiquinone-8 + Succinate --> Fumarate + Ubiquinol-8	(0.0, 1000.0)	{}
G6PDH2r	0.194	g6p_c + nadp_c --> 6pgl_c + h_c + nadph_c	D-Glucose 6-phosphate + Nicotinamide adenine dinucleotide phosphate --> 6-phospho-D-glucono-1,5-lactone + H+ + Nicotinamide adenine dinucleotide phosphate - reduced	(0.0, 1000.0)	{}
GND	0.194	6pgc_c + nadp_c --> co2_c + nadph_c + ru5p__D_c	6-Phospho-D-gluconate + Nicotinamide adenine dinucleotide phosphate --> CO2 + Nicotinamide adenine dinucleotide phosphate - reduced + D-Ribulose 5-phosphate	(0.0, 1000.0)	{}
PGL	0.194	6pgl_c + h2o_c --> 6pgc_c + h_c	6-phospho-D-glucono-1,5-lactone + H2O --> 6-Phospho-D-gluconate + H+	(0.0, 1000.0)	{}
GLCptspp	0.474	glc__D_e + pep_c --> g6p_c + pyr_c	D-Glucose + Phosphoenolpyruvate --> D-Glucose 6-phosphate + Pyruvate	(0.0, 1000.0)	{}
CO2tpp	1.006	co2_c --> co2_e	CO2 --> CO2	(0.0, 1000.0)	{}
EX_glc_e_reverse	0.476	 --> glc__D_e	 --> D-Glucose	(0.0, 4.67)	{'C': 6.0, 'H': 12.0, 'O': 6.0}
EX_nh4_e_reverse	0.362	 --> nh4_e	 --> Ammonium	(0.0, 1000.0)	{'charge': 1.0, 'H': 4.0, 'N': 1.0}
PPKr_reverse	0.102	adp_c + ppi_c --> atp_c + pi_c	ADP + Diphosphate --> ATP + Phosphate	(0.0, 1000.0)	{}
RPI_reverse	0.102	ru5p__D_c --> r5p_c	D-Ribulose 5-phosphate --> alpha-D-Ribose 5-phosphate	(0.0, 1000.0)	{}
H2Otpp_reverse	1.936	h2o_c --> h2o_e	H2O --> H2O	(0.0, 1000.0)	{}
PGM_num5	0.719	3pg_c --> 2pg_c	3-Phospho-D-glycerate --> D-Glycerate 2-phosphate	(0.0, 1000.0)	{}
MCOATA_num2	0.151	ACP_c + malcoa_c --> coa_c + malACP_c	acyl carrier protein + Malonyl-CoA --> Coenzyme A + Malonyl-[acyl-carrier protein]	(0.0, 1000.0)	{}
