reaction,EX_lys_L_e
,EX_lys_L_e
ALAR,-0.02899029490406667
ALATA_L,-0.15919500559668676
ASNN,0.014917659422154634
ASNS1,0.0
ASNS2,-0.019819220375736628
ASPT,0.0
ASPTA,0.0
DAAD,0.0
VPAMT,0.0
2METS,0.0
ACHMSC,0.0
ACNML,0.0
ADNUC_num1,0.0
AGDC,0.0
ALCD19_num1,0.0
ALDD19x,0.0
ALDD2x,-0.0013181179247798924
AMALT1,0.0
AMALT2,0.0
AMALT3,0.0
AMALT4,0.0
AMANAPEr,0.0
APG,-0.005071409899802004
ARAI_num1,0.0
BETALDHx,0.0
BETALDHy,0.0
CBMKr,-0.05705413345006518
DHACOAH,0.0
DHAPT,0.0
DHPTDNRN,0.0
DRPA,0.0
FFSD_num1,0.0
FRUK,0.0
G3PD2,0.0
G3PT,-6.032515662628963e-06
G6PDA,-0.0031126106336100065
GLCATr,0.0
GLCRD,0.0
GLYCDx,0.0
GLYK,-3.7172195521241906e-05
GNK_num1,0.0
GUI1,0.0
HCO3E,1.9036012755821998
HEX7,0.0
HPYRI_num1,0.0
HSST_2,-0.013615070726888945
HXCT,0.0
MALGT,0.0
MALTATr,0.0
MAN1PG,0.0
MAN6PI,0.0
MCITL2_num1,0.0
MM_COA_ADD5,0.0
MMM2,0.0
MSDH_num1,0.0
PFK_2,0.0
PGLYCP_num1,0.0
PGMT,-0.0006999422697471908
PMANM_num1,0.0
PPASUCC,0.0
RBK_num1,-0.03135473637147666
SUCptsp,0.0
TRE6p,0.0017821329575804445
TRE6PP,-0.003313763293812048
TRE6PS,-0.0009938539500952853
UACGAMPpp,0.022070337623150627
UDPARA,-0.10727775895385891
UDPG4E,-0.011489198861485613
UDPGALPpp,0.0
UDPGPpp_num1,0.006307567354607751
UGLCURPpp,0.0
XYLI1,0.0
XYLI2,0.0
XYLK,0.0
GALKr,0.0
M1PD,0.0
MAN2D,0.0
MCITD_num1,0.0
HDPA1,0.0
HDPA2,0.0
ICL,0.0
MALS,0.0
ME1_num1,0.0
ME2,1.7131403973108557
PPA,0.0
PPA2,-0.0014547992137963338
PPC,0.21088497980648402
PPCK,0.0
ABTA,-0.015873664026490132
ACGK,-0.03406302978373703
ACGS,0.0
ACODA,0.0
ACOTA,0.0
AGPR,0.0
AMPTASEPG_num1,0.0
ARGSL,-0.03406302978373703
CBPS,0.0
CSND,0.0
G5SADs,-0.02858026063969979
G5SD,-0.02858026063969979
GLU5K,-0.02858026063969979
GLUNATF,-0.03406302978373703
OCBT,-0.03406302978373703
ORNC,0.0
P5CD,0.0
P5CR,-0.02858026063969979
PROD2,0.0
SPMDAT1,0.0
SPMDAT2_num1,0.0
SPMS,0.0
SSALy_num1,-0.01485819882310781
UREAAH,0.0
ARGSS,-0.03406302978373703
CG_biomass_cgl_ATCC13032,-0.16367764934422338
BAMPN,0.0
BIOTIN_t,0.0
BTNAMP,0.0
3HAD100,-0.07568837483524966
3HAD120,-0.03427544538385072
3HAD121,-0.04141292945139895
3HAD140,-0.03427544538385072
3HAD141,-0.04141292945139895
3HAD160,-0.03377979200955608
3HAD161,-0.040512730034948624
3HAD180,-0.0006925837900346158
3HAD181,-0.03969557686906455
3HAD40,-0.07568837483524966
3HAD60,-0.07568837483524966
3HAD80,-0.07568837483524966
3OAR100,-0.07568837483524966
3OAR120,-0.03427544538385072
3OAR140,-0.03427544538385072
3OAR160,-0.03377979200955608
3OAR180,-0.0006925837900346158
3OAR40,-0.07568837483524966
3OAR60,-0.07568837483524966
3OAR80,-0.07568837483524966
3OAS100_num1,-0.07568837483524966
3OAS120_num1,0.0
3OAS121_num1,0.0
3OAS140_num1,-0.03427544538385072
3OAS141_num1,0.0
3OAS160_num1,-0.03377979200955608
3OAS161_num1,0.0
3OAS180_num1,-0.0006925837900346158
3OAS181_num1,0.0
3OAS60_num1,-0.07568837483524966
3OAS80_num1,0.0
AACPS1_num1,0.0
AACPS2_num1,0.0
AACPS3_num1,0.0
AACPS4_num1,0.0
AACPS5_num1,0.0
AACPS6_num1,0.0
AACPS7_num1,0.0
AACPS8_num1,0.0
AACPS9_num1,0.0
ALAALAr,-0.014495147452033334
CDPDAG,-0.005547404733997755
CLPN,-3.113967985861294e-05
EAR100x,-0.03427544538385072
EAR100y,0.0
EAR120x,-0.03427544538385072
EAR120y,0.0
EAR121x,-0.04141292945139895
EAR121y,0.0
EAR140x,-0.03427544538385072
EAR140y,0.0
EAR141x,-0.04141292945139895
EAR141y,0.0
EAR160x,-0.03377979200955608
EAR160y,0.0
EAR161x,-0.040512730034948624
EAR161y,0.0
EAR180x,-0.0006925837900346158
EAR180y,0.0
EAR181x,-0.03969557686906455
EAR181y,0.0
EAR40x,-0.07568837483524966
EAR40y,0.0
EAR60x,-0.07568837483524966
EAR60y,0.0
EAR80x,-0.07568837483524966
EAR80y,0.0
FA100ACPHi_num1,0.0
FA120ACPHi_num1,0.0
FA140ACPHi_num1,0.0
FA141ACPHi_num1,0.0
FA160ACPHi_num1,0.0
FA161ACPHi_num1,0.0
FA80ACPHi_num1,0.0
FACOAL100t2pp_num1,0.0
FACOAL120t2pp_num1,0.0
FACOAL140t2pp_num1,0.0
FACOAL141t2pp_num1,0.0
FACOAL160t2pp_num1,0.0
FACOAL161t2pp_num1,0.0
FACOAL180t2pp_num1,0.0
FACOAL181t2pp_num1,0.0
FACOAL60t2pp_num1,0.0
FACOAL80t2pp_num1,0.0
G1PACT,-0.023437868742616382
GF6PTA,-0.026550479376226385
GLUR,0.0
INPTH,0.0
MI1PP_num1,0.0
PGAMT,0.0
PIM,-0.00028915485036000227
PIT,-0.0004759948341957501
T2DECAI,-0.04141292945139895
TDPGDH_num1,0.0
UAAGDS,-0.00781262291420546
UAGCVT_num1,-0.01562524582841092
UAGDP,-0.0013675311194657523
UAGPT3,0.0
UAMAGS,-0.00781262291420546
UAMAS,-0.00781262291420546
UAMDH_num1,-0.01562524582841092
UDCPDP,0.0
UDPGALM,0.0
UDPGD_num1,0.0
UGMDDS,0.0
3OAR121,-0.04141292945139895
3OAR141,-0.04141292945139895
3OAR161,-0.040512730034948624
3OAR181,-0.03969557686906455
G1PTT,0.0
GALUi_num1,-0.0035309195214564136
PAPPT3,0.0
ACONTa,-1.1130664509418242
ACONTb,-1.1130664509418242
AKGDH,-0.8669371452867077
CITL,-0.00031074671757492204
CS_num1,-1.113377197659399
FRD2,0.0
FRD3,0.0
FUM,-0.9842048654455482
ICDHyr,-1.1130664509418242
MDH,-0.8260714911879736
MDH2,0.0
MDH3,0.0
PYRC,2.2122429656051783
SUCOAS,-0.8533029571671786
2MAHMP,0.0
ACBIPGT,0.0
ACPS1_num1,0.0
ADCL,0.0
ADCS,0.0
ADOCBIK,0.0
ADOCBLS,0.0
ALATA_D2,0.0
ALATA_L2,0.0
AMAOTr,0.0
AMMQLT8,0.0
AMPMS2,0.0
ASP1DC,-0.00011209795688138392
ASPO5,-0.00044317552166734216
BMOCOS_num1,0.0
BTS4,0.0
BWCOS_num1,0.0
CDPMEK,-0.00011845346605447497
CPMPS_num1,0.0
CPPPGO,0.0
CPPPGO2,0.0
DB4PS,0.0
DBTS,0.0
DHFR,0.0
DHFS,0.0
DHNCOAS,0.0
DHNCOAT,0.0
DHPPDA2_num1,0.0
DHPS2_num1,0.0
DHPTPE,0.0
DMATT_num1,-1.0768496914043177e-05
DMPPS,-1.0768496914043177e-05
DPCOAK,-0.00011209795688138392
DPR,-0.00011209795688138235
DXPRIi,-0.00011845346605447497
DXPS,-0.00011845346605447497
FCLT,0.0
FMNAT,0.0
G1SAT,0.0
GDPDPK,0.0
GDPTPDP,0.0
GLUCYS,0.0
GLUTRR,0.0
GLYOD,0.0
GRTT_num1,-1.0768496914043177e-05
GTHOr,0.0
GTHRDHpp,0.0
GTPCI,0.0
GTPDPDP_num1,0.0
GTPDPK,0.0
HETZK,0.0
HMBS,0.0
HPPK2,0.0
ICHORS,0.0
IPDDI,0.0
IPDPS,-0.00010768496914043177
LIPAMPL,0.0
LIPATPT,0.0
LIPOCT,0.0
LIPOS,0.0
MECDPDH2,-0.00011845346605447497
MECDPS,-0.00011845346605447497
MEPCT,-0.00011845346605447497
MOCOS_num1,0.0
MOHMT,-0.00011209795688138235
MPTAT,0.0
MPTS,0.0
MPTSS,0.0
MSDHD_num1,0.0
NADDP_num1,0.0
NADK,-0.00010373149719570811
NADPPPS_num1,0.0
NADS1,-0.00044317552166734216
NNAM,0.0
NNDMBRT,0.0
NNDPR,-0.00044317552166734216
NPHS,0.0
OCTDPS,0.0
OCTNLL,0.0
OHPBAT,0.0
OMBZLM,0.0
PANTS_num1,-0.00011209795688138392
PMPK,0.0
PNTK,-0.00011209795688138392
PPBNGS,0.0
PPCDC,-0.00011209795688138392
PPGPPDP,0.0
PPNCL2,-0.00011209795688138392
PPPGO,0.0
PPPGO3,0.0
PTPATi,-0.00011209795688138392
PY5PSH,-4.344846018506727e-05
PYDAMK,0.0
PYDXK,0.0
PYDXNK,0.0
QULNS,-0.00044317552166734216
RBFSa,0.0
RBFSb,0.0
RZ5PP,0.0
SEPHCHCS,0.0
SUCBZL,0.0
TDPDSH,0.0
TMPK,0.0
TMPPP_num1,0.0
TRATF_num1,0.0
TYRL,0.0
UDCPDPS,-1.0768496914043177e-05
UPP3MT_num1,0.0
UPP3S,0.0
UPPDC1,0.0
WCOS_num1,0.0
NAMNPP,0.0
RBFK,0.0
ADSK,0.0
AMPTASECG_num1,0.0
BPNT,0.0
CYSS,-0.021636240037560765
MCPST_num1,0.0
PAPSR,0.0
PAPSR2,0.0
SADT2,-0.021636240037560765
SERAT,-0.021636240037560765
SULRi,-0.021636240037560765
EX_26dap__M_e,0.0
EX_3amp_e,0.0
EX_3cmp_e,0.0
EX_3gmp_e,0.0
EX_3ump_e,0.0
EX_4abut_e,0.0
EX_ac_e,0.0
EX_acald_e,0.0
EX_acgam_e,0.0
EX_acgam1p_e,0.0
EX_acmana_e,0.0
EX_acser_e,0.0
EX_ade_e,0.0
EX_adn_e,0.0
EX_akg_e,0.0
EX_ala_L_e,0.0
EX_alaala_e,0.0
EX_ala_B_e,0.0
EX_ala__D_e,0.0
EX_amp_e,0.0
EX_arg_L_e,0.0
EX_asn_L_e,0.0
EX_asp_L_e,0.0
EX_ca2_e,0.0
EX_cgly_e,0.0
EX_cit_e,0.0
EX_cmp_e,0.0
EX_co2_e,-2.0759731384238327
EX_cobalt2_e,0.0
EX_cu_e,0.0
EX_cu2_e,0.0
EX_cyan_e,0.0
EX_cys_L_e,0.0
EX_cytd_e,0.0
EX_dad_2_e,0.0
EX_damp_e,0.0
EX_dcmp_e,0.0
EX_dcyt_e,0.0
EX_dgmp_e,0.0
EX_dgsn_e,0.0
EX_dha_e,0.0
EX_dimp_e,0.0
EX_din_e,0.0
EX_dms_e,0.0
EX_dmso_e,0.0
EX_dtmp_e,0.0
EX_dump_e,0.0
EX_duri_e,0.0
EX_etha_e,0.0
EX_etoh_e,0.0
EX_f6p_e,0.0
EX_fe2_e,0.0
EX_fe3_e,0.0
EX_for_e,0.0
EX_fru_e,0.0
EX_fruur_e,0.0
EX_fum_e,0.0
EX_g1p_e,0.0
EX_g3pe_e,0.0
EX_g3pg_e,0.0
EX_g3pi_e,0.0
EX_g3ps_e,0.0
EX_g6p_e,0.0
EX_gal1p_e,0.0
EX_gam_e,0.0
EX_gam6p_e,0.0
EX_glc_e,0.0
EX_glcn_e,0.0
EX_glcur_e,0.0
EX_glcur1p_e,0.0
EX_gln_L_e,0.0
EX_glu_L_e,0.0
EX_gly_e,0.0
EX_glyald_e,0.0
EX_glyc_e,0.0
EX_glyc_R_e,0.0
EX_glyc3p_e,0.0
EX_gmp_e,0.0
EX_gsn_e,0.0
EX_gthrd_e,0.0
EX_gua_e,-0.0014547992137963338
EX_h_e,0.20064283328999116
EX_h2_e,0.0
EX_h2o_e,-2.7341921246108933
EX_h2s_e,0.0
EX_his_L_e,0.0
EX_hom__L_e,0.0
EX_hxan_e,0.0
EX_ile_L_e,0.0
EX_imp_e,0.0
EX_indole_e,0.0
EX_inost_e,0.0
EX_ins_e,0.0
EX_k_e,0.0
EX_lac_D_e,0.0
EX_lac_L_e,0.0
EX_leu_L_e,0.0
EX_lys_L_e,1.4788537443338037
EX_mal__L_e,0.0
EX_malt_e,0.0
EX_man_e,0.0
EX_man6p_e,0.0
EX_met_L_e,0.0
EX_mg2_e,0.0
EX_mn2_e,0.0
EX_mnl_e,0.0
EX_n2o_e,0.0
EX_na1_e,0.0
EX_nac_e,0.0
EX_nh4_e,0.0
EX_ni2_e,0.0
EX_nmn_e,0.0
EX_no_e,0.0
EX_no2_e,0.0
EX_no3_e,0.0
EX_o2_e,-3.0922341267519187
EX_o2s_e,0.0
EX_orn_e,0.0
EX_orot_e,0.0
EX_phe_L_e,0.0
EX_pheme_e,0.0
EX_pi_e,0.0
EX_pnto__R_e,0.0
EX_ppa_e,0.0
EX_ppt_e,0.0
EX_pro_L_e,0.0
EX_progly_e,0.0
EX_pydx_e,0.0
EX_pyr_e,0.0
EX_rib__D_e,0.0
EX_sbt__D_e,0.0
EX_ser_L_e,0.0
EX_skm_e,0.0
EX_so3_e,0.0
EX_so4_e,0.0
EX_succ_e,0.0
EX_sucr_e,0.0
EX_tcynt_e,0.0
EX_thr_L_e,0.0
EX_thymd_e,0.0
EX_tma_e,0.0
EX_tmao_e,0.0
EX_tre_e,0.0
EX_trp_L_e,0.0
EX_tsul_e,0.0
EX_tyr_L_e,0.0
EX_uacgam_e,0.0
EX_udpg_e,0.0
EX_udpgal_e,0.0
EX_udpglcur_e,0.0
EX_ump_e,0.0
EX_ura_e,0.0
EX_urea_e,0.0
EX_uri_e,0.0
EX_val_L_e,0.0
EX_xan_e,-0.028265988078763377
EX_xmp_e,0.0
EX_xtsn_e,0.0
EX_xyl__D_e,0.0
EX_zn2_e,0.0
ACBCP,0.0
BTNC,0.0
5FTHFC,0.0
FOMETRi,0.0
FTHFD,-0.0003668562899442246
GLYCL,-0.0017272380851415395
MTHFC,-0.10720116332059879
MTHFD,-0.10720116332059879
MTHFR2,-0.013615070726884927
TMDS2,-0.001279828652210944
GLNS_num1,-0.25373419546259585
GLUDC,-0.015873664026490132
GLUDy,0.3748249106780207
GLUN,0.0
GLUSy,-0.03232389582091081
ACPPAT120,0.0
ACPPAT140,0.0
ACPPAT141,0.0
ACPPAT160,0.0
ACPPAT161,0.0
ACPPAT180,0.0
ACPPAT181,0.0
AGPAT120,0.0
AGPAT140,0.0
AGPAT141,0.0
AGPAT160,0.0
AGPAT161,0.0
AGPAT180,0.0
AGPAT181,0.0
APH140,0.0
DASYN120,0.0
DASYN140,0.0
DASYN141,0.0
DASYN160,0.0
DASYN161,0.0
DASYN180,0.0
DASYN181,0.0
G3PAT120_num1,0.0
G3PAT140_num1,0.0
G3PAT141_num1,0.0
G3PAT160_num1,0.0
G3PAT161_num1,0.0
G3PAT180_num1,0.0
G3PAT181_num1,0.0
GPDDA2,0.0
GPDDA3,0.0
GPDDA4,0.0
GPDDA5,0.0
LPLIPAL1A180pp_num1,0.0
PGSA120,0.0
PGSA140,0.0
PGSA141,0.0
PGSA160,0.0
PGSA161,0.0
PGSA180,0.0
PGSA181,0.0
GHMT2r,-0.12048092257143496
GLYCK2,0.0
PGCD,-0.19628119286657997
PSERT,-0.19628119286657997
PSP_L,-0.19628119286657997
SARCOX,0.0
SERD_L,-0.005181766610599507
ENO,0.12833691874953854
FBA,-0.3301580621362566
FBP,-0.0021159364979886014
GAPD_num1,0.0004632311108362278
GLBRAN2,0.0
GLCP_num1,0.0
GLCP2_num1,0.0
GLCS1,0.0
GLGC,0.0
HEX1,0.0021954474918418287
PDH,-1.8441574287569464
PFK,-0.33227399863424517
PGI,-1.3900964148479287
PGK,-0.06794427411704237
PGM_num1,0.06212397063429359
PPS,-0.010066704908940117
PYK_num1,0.0
TPI,-0.3204153822269332
GLYCK,0.0
ATPPRT,-0.012043521447200455
HISTD,-0.012043521447200455
HISTP,-0.012043521447200455
HSTPT_num1,-0.012043521447200455
IG3PS,-0.012043521447200455
IGPDH,-0.012043521447200455
PRAMPC,-0.012043521447200455
PRATPP,-0.012043521447200455
PRMICI,-0.012777234027088906
PRPPS,-0.09328116687643936
CA2t3pp,0.005528446940618161
CAt6pp_num1,0.0
COBALT2abcpp,0.0
COBALT2tpp,-2.672459521053398e-05
CYANSTpp_num1,0.0
FDMO,0.0
FE3abcpp_num1,0.0
FEROpp,-0.002073142141036677
Kabcpp_num1,0.0
Kt2pp,-0.2073152325714731
Kt3pp,0.0
MG2t3_2pp_num1,-0.009213976387583074
MG2uabcpp,0.0
MN2tpp,-0.0007343560263187274
NAt3_1p5pp_num1,0.0
NAt3_2pp_num1,0.0
NAt3pp,0.0
NH4tpp_num1,1.6043159161379188
NI2tpp,-0.0003427653398668144
NI2uabcpp,0.0
NO2t2rpp,0.0
NO3t7pp,0.0
O2tpp,-3.0922341267519187
PIt2rpp,-0.08628385738377589
PIuabcpp,0.0
PPTHpp,0.0
SFRD,0.0
SO3TRDRD,-0.021636240037560765
SULabcpp,-0.02624327915474256
ZN2abcpp_num1,-0.03386667242866715
ZN2t3pp,0.0
ZN2tpp,-0.0004322548179401442
ZNabcpp,-0.03384473969368538
CD2tpp,0.0
CU2tpp,-0.0007527801089162335
FE2tpp_num1,-0.01542418567705532
D52DGK,0.0
D5GIS,0.0
MI1PS,0.0
MI2DH_num1,0.0
MI2DHT,0.0
THCDH,0.0
U23GAAT_num1,0.0
UAGAAT_num1,0.0
ACACT1r,0.0
ACCOAC_num1,0.0
ACOAD1f,0.0
ACOAD2f,0.0
ACOAD3f,0.0
ACOAD4f,0.0
ACOAD5f,0.0
ACOAD6f,0.0
ACOAD7f,0.0
ACOAD8f,0.0
ACOATA_num1,0.0
KAS14_num1,0.0
KAS15_num1,-0.07568837483524966
MACPD,0.0
MCOATA_num1,0.0
TDCM_FREE,-0.0007692504290280501
TMCM_FREE,-0.00200673647864768
ACHACB,0.0
AHCYSNS,0.0
CYSTL,-0.013615070726884927
HSST_num1,0.0
METAT,-4.344846018506727e-05
METS,-0.013615070726884927
METSOXR1_num1,0.0
SHSL1_num1,-0.013615070726888945
GLYOX,0.0
LGTHL,0.0
MCTP1App,0.0
MCTP1Bpp,0.0
MCTP2App,0.0
MDDCP3pp,0.0
MDDCP4pp,0.0
MDDCP5pp,0.0
MPTG_num1,0.0
MPTG2_num1,0.0
AGM4PApp,0.0
NHFRBO_num1,0.0
NO3R1bpp,0.0
NO3R2bpp,0.0
NTRIR3pp,0.0
NTRIR4pp,0.0
3NTD2pp,0.0
3NTD4pp,0.0
3NTD7pp,0.0
3NTD9pp,0.0
ADK1,-0.23163419368366542
ADK2,0.0
ADK3,-0.0011163198622746943
ADK4,0.0
ADNCYC,0.0
ADNK1,0.0
ADPRDP,0.0
ADPT,-0.0036903499022599116
AMPN,-0.0021925500379181497
AP5AH,0.0
ATPHs,0.0
CYTDK2,0.0
CYTK1,-0.005034461580910578
CYTK2,0.0
DCTPD_num1,-9.079044095736084e-05
DGK1,0.0
DTMPK,0.0
DURIK1,0.0
DUTPDP,-0.0002887034443715982
GK1,-0.008383342504367692
GP4GH,0.0
GSNHYDRO_num1,0.0
GSNK,0.0
GTPHs,-0.0016080329331344375
GUAPRT,0.0
HXPRT_num1,0.0
INSH,-0.0015909484283741868
NDPK1,-0.05381333454226536
NDPK2,-0.15282380547571536
NDPK3,-0.00326403821884608
NDPK4,0.0
NDPK5,0.0
NDPK6,0.0
NDPK7,-0.0002887034443715982
NDPK8,0.0
NNATr,-0.00044317552166734216
NTD1,0.0
NTD10,-0.028265988078760712
NTD11,-0.0015909484283741868
NTD12,0.0
NTD2,0.0
NTD3,0.0
NTD4,0.0
NTD5,0.0
NTD6,0.0
NTD7,-0.0014977998643417618
NTD8,0.0
NTD9,0.0
NTPP1,0.0
NTPP10,0.0
NTPP11,-0.0016080329331344375
NTPP3,0.0
NTPP4,0.00025894042369427556
NTPP5,0.0
NTPP9,0.0
NTPTP1,0.0
NTPTP2,-0.0014547992137963338
RNDR1,-0.0012798286522109445
RNDR1b,0.0
RNDR2,-0.001490279235825897
RNDR2b,0.0
RNDR3,-0.0017789826801974955
RNDR3b,0.0
RNDR4,-0.0009911252078393462
RNDR4b,0.0
RNTR2c,0.0
RNTR3c,0.0
RNTR4c,0.0
TMDS,0.0
UMPK,-0.024168004781334195
UPPRT_num1,0.0
URIDK2r,0.0
XTSNH_num1,-0.028265988078763377
NTP1,0.0
NTP10,0.0
NTP11,0.0
NTP12,0.0
NTP3,-0.004396388569329273
NTP5,0.0
NTPP2,0.004809721929344647
NTPP6,-0.018415618658967067
NTPP7,0.0
NTPP8,-0.02425613470403233
ATPS4rpp,-9.748158380412674
CAT,0.0
CRNCAL2,0.0
CRNDCAL2,0.0
CTBTCAL2,0.0
CYTBD2pp,0.0
CYTBDpp,0.0
CYTBO3_4pp,-6.180321969221764
DMSOR1pp,0.0
DMSOR2pp,0.0
FDH4pp_num1,0.0
FDH5pp_num1,0.0
G3PD5,0.0
G3PD6,0.0
G3PD7,0.0
HYD1pp,0.0
HYD2pp,0.0
HYD3pp,0.0
LDH_D2,0.0
NADH10,0.0
NADH16pp,-5.274095998113212
NADH17pp,0.0
NADH18pp,0.0
NADH5,0.0
NADH9,0.0
NADPHQR2_num1,0.0
NADPHQR3_num1,0.0
NADPHQR4_num1,0.0
NO3R1pp,0.0
NO3R2pp,0.0
NTRIR2x,0.0
POX,0.0
PPKr,0.008564268151451993
SPODM,0.0
SUCDi,-0.8832348674422248
TMAOR1pp,0.0
TMAOR2pp,0.0
TRDR,-0.02717645581363445
L_LACD2,0.0
L_LACD3,0.0
G6PDH2r,1.5084752828099748
GND,1.5084752828099748
PGL,1.5084752828099748
RPE,1.1300255563400596
RPI,-0.010078902929133392
TALA,0.5440500151372089
TKT1,0.5440500151372089
TKT2,0.5859755412028508
ADSL1r,-0.0209758266804657
ADSL2r,-0.04757882093669917
ADSS,-0.0197713228045593
AICART,-0.05998919867384385
AIRC2,-0.04757882093669918
AIRC3,-0.0027877340030553043
ASPCT,-0.022991103666328144
CTPS2,-0.008183306681922301
DHORD2,-0.022991103666328144
DHORD5,0.0
DHORTS,0.0
GARFT,-0.04835625922121268
GART,-0.0003668562899442246
GLUPRT,-0.04757882093669917
GMPS2,-0.013193064433712338
IMPC,-0.00036685628994422676
IMPD_num1,-0.03985101957933861
OMPDC,-0.022991103666328144
ORPT,0.0
PRAGSr,-0.05418345765596297
PRAIS,-0.04757882093669917
PRASCSi,-0.04757882093669917
PRFGS,-0.04757882093669917
ACALD,0.0
ACKr,-0.02326510467991558
ALCD2x_num1,0.0
FHL,0.0
LDH_D,0.0
OAADC,0.0
PTAr,0.0
LDH,0.0
ASAD,0.0
ASPK,1.3410365892584457
DAPDC_num1,1.4453301482884318
DAPDH,1.437517525374226
DAPE,0.0
DHDPRy,1.437517525374226
DHDPS,1.437517525374226
HSDy,0.0
HSK,-0.08286586538889534
SDPDS,0.0
SDPTA,0.0
THDPS_num1,0.0
THRS,-0.08286586538889534
26DAHtex,0.0
3AMPtex,0.0
3CMPtex,0.0
3GMPtex,0.0
3UMPtex,0.0
ABUTt2pp,0.0
ABUTtex,0.0
ACALDtpp,0.0
ACGAM1Ptex,0.0
ACGAptspp,0.0
ACGAtex,0.0
ACMANAptspp_num1,0.0
ACMANAtex,0.0
ACMUMptspp_num1,0.0
ACSERtex,0.0
ACt2rpp,0.0
ADEt2rpp,0.0
ADNt2rpp,0.0
AKGt2rpp,0.0
ALAabcpp,0.0
ALAALAabcpp,0.0
ALAALAtex,0.0
ALAtex,0.0
AMPtex,0.0
ARBabcpp,0.0
ARBt3ipp,0.0
ARBTptspp,0.0
ARGabcpp,0.0
ARGORNt7pp,0.0
ARGt3pp,0.0
ASCBptspp,0.0
ASNabcpp,0.0
ASNt2rpp,0.0
ASPabcpp,0.0
ASPt2pp,0.0
ASPt2rpp,0.0
BALAt2pp,0.0
BALAtex,0.0
BCCPE,0.0
CGLYabcpp,0.0
CGLYtex,0.0
CHTBSptspp,0.0
CITt3pp,0.0
CITt7pp,0.0
CITtex,0.0
CLt3_2pp,-0.0027642234703090787
CRNabcpp,0.0
CRNDabcpp,0.0
CRNDt2rpp,0.0
CRNt2rpp,0.0
CRNt8pp,0.0
CTBTabcpp,0.0
CTBTt2rpp,0.0
CUt3,0.0
CUtex,0.0
CYANtex,0.0
CYSabc2pp,0.0
CYSabcpp,0.0
CYStpp,0.0
CYTDt2pp,0.0
CYTDt2rpp,0.0
DADNtex,0.0
DALAt2pp,0.0
DALAtex,0.0
DAMPtex,0.0
DAPabcpp,0.0
DCMPtex,0.0
DCYTtex,0.0
DGMPtex,0.0
DGSNtex,0.0
DHAtpp,0.0
DIMPtex,0.0
DINStex,0.0
D_LACt2pp,0.0
DMSOtex,0.0
DMStex,0.0
DSERt2pp,0.0
DTMPtex,0.0
DUMPtex,0.0
DURIt2pp,0.0
DURItex,0.0
ETHAtex,0.0
ETOHtrpp,0.0
EX_biomass,-0.16367764934422338
EX_BIOTIN,0.0
EX_cl,0.0
F6Pt6_2pp,-0.002477357441737813
F6Ptex,0.0
FE3DHBZStonex,0.0
FE3tex,0.0
FRUpts2pp,0.0
FRUtex,0.0
FRUURt2rpp,0.0
FUMt2_2pp,0.0
FUMt2_3pp,0.0
FUMtex,0.0
G1Ptex,0.0
G3PCabcpp,0.0
G3PEabcpp,0.0
G3PEtex,0.0
G3PGabcpp,0.0
G3PGtex,0.0
G3PIabcpp,0.0
G3PItex,0.0
G3PSabcpp,0.0
G3PStex,0.0
G6Pt6_2pp,0.0
G6Ptex,0.0
GAL1Ptex,0.0
GALTptspp,0.0
GAM6Pt6_2pp,0.0
GAMAN6Ptex,0.0
GAMptspp,0.0
GAMtex,0.0
GLCabcpp,-0.007399308379944076
GLCNt2rpp,0.0
GLCptspp,0.007399308379944066
GLCUR1Ptex,0.0
GLCURt2rpp,0.0
GLNabcpp,0.0
GLNt2rpp,0.0
GLUabcpp,0.0
GLUt4pp,0.0
GLUtex,0.0
GLYALDtpp,0.0
GLYBabcpp_num1,0.0
GLYC2Pabcpp,0.0
GLYC3Pabcpp,0.0
GLYC3Pt6pp,0.0
GLYC3Ptex,0.0
GLYCAt2rpp,0.0
GLYCtpp,0.0
GLYtex,0.0
GMPtex,0.0
GSNt2pp,0.0
GSNtex,0.0
GTHRDabc2pp,0.0
GTHRDabcpp,0.0
GTHRDtex,0.0
GUAt2pp,0.0
GUAtpp,0.0
H2Otpp,0.0
H2St1pp,0.0
H2Stex,0.0
H2tpp,0.0
HISabcpp,0.0
HISt2rpp,0.0
HOMt2pp,0.0
HOMtex,0.0
HYXNtpp,0.0
ILEt2rpp,0.0
INDOLEt2pp,0.0
INDOLEt2rpp,0.0
INSt2pp,0.0
INSt2rpp,0.0
LEUt2rpp_num1,0.0
L_LACt2rpp,0.0
LYSabcpp,0.0
LYSt2pp,0.0
LYSt3pp,0.0
MALt3pp,0.0
MALTabcpp,0.0
MALTptspp,0.0
MAN6Pt6_2pp,0.0
MANptspp,0.0
METabcpp,0.0
METt2rpp,0.0
MNLptspp,0.0
MNt2pp,0.0
NACtpp,0.0
NAtex,3.832214752434997e-18
NMNt7pp,0.0
NO3tex,0.0
NOtex,0.0
O2Stex,0.0
ORNabcpp,0.0
OROTt2_2pp,0.0
PA120abcpp_num1,0.0
PA140abcpp_num1,0.0
PA141abcpp_num1,0.0
PA160abcpp_num1,0.0
PA161abcpp_num1,0.0
PA180abcpp_num1,0.0
PA181abcpp_num1,0.0
PGP120abcpp_num1,0.0
PGP140abcpp_num1,0.0
PGP141abcpp_num1,0.0
PGP160abcpp_num1,0.0
PGP161abcpp_num1,0.0
PGP180abcpp_num1,0.0
PGP181abcpp_num1,0.0
PHEMEabcpp_num1,0.0
PHEMEtiex,0.0
PHEt2rpp,0.0
PNTOt4pp,0.0
PROabcpp,0.0
PROGLYabcpp,0.0
PROt3pp,0.0
PROt4pp,0.0
PSERtex_num1,0.0
PTRCORNt7pp,0.0
PTRCt2pp,0.0
PYDXtpp,0.0
PYRt2rpp,0.0
RIBabcpp,0.0
SBTptspp,0.0
SERabcpp,0.0
SERt3pp,0.0
SKMt2pp,0.0
SPMDabcpp,0.0
SPMDt3pp,0.0
SUCCt2_2pp,0.0
SUCCt2_3pp,0.0
SUCCt3pp,0.0
SUCptspp,0.0
THMabcpp,0.0
THMDt2pp,0.0
THMDt2rpp,0.0
THRabcpp,0.0
THRt2pp,0.0
TREabcpp,0.0
TREptsp_num1,0.0
TREptspp_num1,0.0
TRPabcpp,0.0
TRPt2rpp,0.0
TYRt2rpp,0.0
URAt2pp_num1,0.0
URAt2rpp_num1,0.0
UREAtpp,0.0
URIt2pp,0.0
URIt2rpp,0.0
VALt2rpp,0.0
XANt2pp_num1,-0.003088748292715949
XANtpp,-0.0006811749266159404
XTSNt2rpp,0.0
XYLUt2pp,0.0
CO2tpp,-2.0759731384238327
FORt2pp,0.0
Biotinabcpp,0.0
Biotint3pp,0.0
Biotintpp,-5.525495587834809e-07
ALATRS_num1,0.0
ARGTRS_num1,0.0
ASNTRS_num1,0.0
ASPTRS,0.0
CYSTRS_num1,0.0
FMETTRS_num1,0.0
GLNTRS,0.0
GLUTRS_num1,0.0
GLYTRS_num1,0.0
HISTRS,0.0
ILETRS_num1,0.0
LEUTRS_num1,0.0
LYSTRS_num1,0.0
METTRS_num1,0.0
PHETRS,0.0
PROTRS_num1,0.0
SERTRS_num1,0.0
SERTRS2,0.0
THRTRS_num1,0.0
TRPTRS,0.0
TYRTRS,0.0
VALTRS_num1,0.0
ANPRT,-0.004943246973911874
ANS,-0.004943246973911874
CHORM,-0.03693883063154492
CHORS,-0.04192552606564186
DDPA,-0.04192552606564186
DHQS,-0.04192552606564186
DHQTi,-0.04192552606564186
IGPS,-0.004943246973911874
PHETA1_num1,-0.02300817541767101
PPND,-0.013930655213873907
PPNDH,-0.02300817541767101
PRAIi,-0.004943246973911874
PSCVT,-0.04192552606564186
SHK3Dr_num1,-0.04192552606564186
SHKK,-0.04192552606564186
TRPS1,-0.004943246973911874
TRPS2,0.0
TRPS3,0.0
TYRRRpp,0.0
TYRTA_num1,0.0
INPSHE,0.0
AGPSC,-0.005694208258684437
ARATH,-0.01615580237852157
ATPM,-0.9644070023385922
DNA,-0.0017006107766864807
FREENTCO,-0.06429995831788077
IONS,-0.010184678052794955
MYCOLI,-0.017346557277500792
PA,-0.005694208258684437
PEPTH,-0.01615580237852157
PPTHTH,-0.004761710174722145
RNA,-0.008503053883432405
PROTEIN,-0.08843176038769701
SOL_POOL,-0.0004384924225931744
ACHBS,-0.033883513310149986
ACLS,-0.11227805851503239
DHAD1,-0.11227805851503239
DHAD2,-0.033883513310149986
ILETA,-0.033883513310149986
IPMD,-0.06309340808381017
IPPMIa,0.0
IPPMIb,0.0
IPPS,-0.06309340808381017
KARA1,0.0
KARA2,-0.033883513310149986
OMCDC,-0.06309340808381017
THRD_L_num1,-0.033883513310149986
VALTA,-0.04907255247434082
LEUTAi,-0.06309340808381017
ALAR_reverse,0.0
ALATA_L_reverse,-0.010724431686994398
ASPTA_reverse,1.1466032789927916
2METS_reverse,0.0
ACHMSC_reverse,0.0
ALCD19_reverse_num1,0.0
AMANAPEr_reverse,0.0
APG_reverse,0.0
ARAI_reverse_num1,0.0
CBMKr_reverse,0.0
DHACOAH_reverse,0.0
G3PD2_reverse,-0.010734478478627829
GLCATr_reverse,0.0
GUI1_reverse,0.0
HCO3E_reverse,0.0
HPYRI_reverse_num1,0.0
MALGT_reverse,0.0
MALTATr_reverse,0.0
MAN1PG_reverse,0.0
MAN6PI_reverse,0.0
MCITL2_reverse_num1,0.0
MM_COA_ADD5_reverse,0.0
PGMT_reverse,-0.013182995081328088
PMANM_reverse_num1,0.0
UDPG4E_reverse,0.0
XYLI1_reverse,0.0
MCITD_reverse_num1,0.0
ACOTA_reverse,-0.03406302978373703
AGPR_reverse,-0.03406302978373703
ARGSL_reverse,0.0
GLUNATF_reverse,0.0
OCBT_reverse,0.0
BAMPN_reverse,0.0
3OAR100_reverse,0.0
3OAR120_reverse,0.0
3OAR140_reverse,0.0
3OAR160_reverse,0.0
3OAR180_reverse,0.0
3OAR40_reverse,0.0
3OAR60_reverse,0.0
3OAR80_reverse,0.0
ALAALAr_reverse,0.0
CDPDAG_reverse,0.0
GLUR_reverse,-0.00781262291420546
PGAMT_reverse,-0.023437868742616382
T2DECAI_reverse,0.0
G1PTT_reverse,0.0
GALUi_reverse_num1,0.0
PAPPT3_reverse,0.0
ACONTa_reverse,0.0
ACONTb_reverse,0.0
FUM_reverse,0.0
MDH_reverse,1.8712737715684307
PYRC_reverse,-0.3077541453957094
AMAOTr_reverse,0.0
DHFR_reverse,0.0
DHPTPE_reverse,0.0
G1SAT_reverse,0.0
GTHOr_reverse,0.0
ICHORS_reverse,0.0
IPDDI_reverse,0.0
OHPBAT_reverse,0.0
PY5PSH_reverse,0.0
TRATF_reverse_num1,0.0
NAMNPP_reverse,0.0
RBFK_reverse,0.0
SERAT_reverse,0.0
EX_ca2_e_reverse,-0.005528446940618157
EX_co2_e_reverse,0.0
EX_cobalt2_e_reverse,-2.672459521053398e-05
EX_cu2_e_reverse,-0.0007527801089162335
EX_glc_e_reverse,0.0
EX_h2o_e_reverse,0.0
EX_k_e_reverse,-0.2073152325714731
EX_mg2_e_reverse,-0.009213976387583074
EX_mn2_e_reverse,-0.0007343560263187274
EX_na1_e_reverse,0.0
EX_nh4_e_reverse,1.5257909875639186
EX_ni2_e_reverse,-0.0003427653398668144
EX_o2_e_reverse,0.0
EX_pi_e_reverse,-0.08132914250030025
EX_so4_e_reverse,-0.02624327915474256
EX_zn2_e_reverse,-0.00036210604348907183
ACBCP_reverse,0.0
MTHFC_reverse,0.0
MTHFD_reverse,0.0
GHMT2r_reverse,0.0
ENO_reverse,0.0
FBA_reverse,0.0
GAPD_reverse_num1,0.0
PGI_reverse,0.09352507237100356
PGK_reverse,0.0
PGM_reverse_num1,0.0
TPI_reverse,-0.0014349740909717647
PRMICI_reverse,-0.0007337125798884504
PRPPS_reverse,0.0
CAt6pp_reverse_num1,0.0
MG2t3_2pp_reverse_num1,0.0
NH4tpp_reverse_num1,0.0
NO2t2rpp_reverse,0.0
O2tpp_reverse,0.0
PIt2rpp_reverse,0.0
D5GIS_reverse,0.0
MI2DH_reverse_num1,0.0
MI2DHT_reverse,0.0
UAGAAT_reverse_num1,0.0
ACACT1r_reverse,0.0
ACOAD1f_reverse,0.0
ACOAD2f_reverse,0.0
ACOAD3f_reverse,0.0
ACOAD4f_reverse,0.0
ACOAD5f_reverse,0.0
ACOAD6f_reverse,0.0
ACOAD7f_reverse,0.0
ACOAD8f_reverse,0.0
ACOATA_reverse_num1,0.0
MCOATA_reverse_num1,0.0
TDCM_FREE_reverse,0.0
ADK1_reverse,0.005647926212799457
ADK2_reverse,-0.0012798286522109454
ADK3_reverse,0.0
ADK4_reverse,0.0
CYTK1_reverse,8.559318132997256e-06
CYTK2_reverse,-0.001490279235825897
DGK1_reverse,-0.0014902792358258976
DTMPK_reverse,0.0
GK1_reverse,0.0
NDPK1_reverse,0.0
NDPK2_reverse,-0.002072683432456316
NDPK3_reverse,0.0
NDPK4_reverse,0.0
NDPK5_reverse,0.0
NDPK6_reverse,0.0
NDPK7_reverse,0.0
NDPK8_reverse,0.0
NNATr_reverse,0.0
UMPK_reverse,0.0
URIDK2r_reverse,-0.0009911252078393462
ATPS4rpp_reverse,0.0
PPKr_reverse,-0.3797922499902925
G6PDH2r_reverse,0.0
RPE_reverse,0.0
RPI_reverse,0.36837082354078166
TALA_reverse,0.0
TKT1_reverse,0.0
TKT2_reverse,0.0
ADSL1r_reverse,-0.0012045038759064053
ADSL2r_reverse,0.0
AICART_reverse,-0.00036685628994422676
AIRC3_reverse,-0.050366554939754477
DHORTS_reverse,-0.022991103666328144
GARFT_reverse,-0.0011442945744577408
IMPC_reverse,-0.05998919867384385
ORPT_reverse,-0.022991103666328144
PRAGSr_reverse,-0.0066046367192638036
ACALD_reverse,-0.0013181179247798924
ACKr_reverse,0.0
ALCD2x_reverse_num1,0.0
LDH_D_reverse,0.0
PTAr_reverse,-0.02326510467991558
ASAD_reverse,1.3410365892584457
ASPK_reverse,0.0
DAPE_reverse,0.0
HSDy_reverse,-0.09648093611578026
SDPTA_reverse,0.0
26DAHtex_reverse,0.0
3AMPtex_reverse,0.0
3CMPtex_reverse,0.0
3GMPtex_reverse,0.0
3UMPtex_reverse,0.0
ABUTtex_reverse,0.0
ACALDtpp_reverse,0.0
ACGAM1Ptex_reverse,0.0
ACGAtex_reverse,0.0
ACMANAtex_reverse,0.0
ACSERtex_reverse,0.0
ACt2rpp_reverse,0.0
ADEt2rpp_reverse,0.0
ADNt2rpp_reverse,0.0
AKGt2rpp_reverse,0.0
ALAALAtex_reverse,0.0
ALAtex_reverse,0.0
AMPtex_reverse,0.0
ARGORNt7pp_reverse,0.0
ASNt2rpp_reverse,0.0
BALAtex_reverse,0.0
BCCPE_reverse,0.0
CGLYtex_reverse,0.0
CITtex_reverse,0.0
CRNDt2rpp_reverse,0.0
CRNt2rpp_reverse,0.0
CTBTt2rpp_reverse,0.0
CUtex_reverse,0.0
CYANtex_reverse,0.0
CYTDt2rpp_reverse,0.0
DADNtex_reverse,0.0
DALAtex_reverse,0.0
DAMPtex_reverse,0.0
DCMPtex_reverse,0.0
DCYTtex_reverse,0.0
DGMPtex_reverse,0.0
DGSNtex_reverse,0.0
DHAtpp_reverse,0.0
DIMPtex_reverse,0.0
DINStex_reverse,0.0
D_LACt2pp_reverse,0.0
DMSOtex_reverse,0.0
DMStex_reverse,0.0
DTMPtex_reverse,0.0
DUMPtex_reverse,0.0
DURItex_reverse,0.0
ETHAtex_reverse,0.0
ETOHtrpp_reverse,0.0
EX_BIOTIN_reverse,-2.0720608454380534e-07
EX_cl_reverse,-0.005528446940618157
F6Ptex_reverse,-0.002477357441737813
FE3tex_reverse,0.0
FRUtex_reverse,0.0
FRUURt2rpp_reverse,0.0
FUMtex_reverse,0.0
G1Ptex_reverse,0.0
G3PEtex_reverse,0.0
G3PGtex_reverse,0.0
G3PItex_reverse,0.0
G3PStex_reverse,0.0
G6Ptex_reverse,0.0
GAL1Ptex_reverse,0.0
GAMAN6Ptex_reverse,0.0
GAMtex_reverse,0.0
GLCNt2rpp_reverse,0.0
GLCUR1Ptex_reverse,0.0
GLCURt2rpp_reverse,0.0
GLNt2rpp_reverse,0.0
GLUtex_reverse,0.0
GLYALDtpp_reverse,0.0
GLYC3Ptex_reverse,0.0
GLYCAt2rpp_reverse,0.0
GLYCtpp_reverse,0.0
GLYtex_reverse,0.0
GMPtex_reverse,0.0
GSNtex_reverse,0.0
GTHRDtex_reverse,0.0
GUAtpp_reverse,-0.0014547992137963338
H2Otpp_reverse,-2.7341921246108933
H2Stex_reverse,0.0
H2tpp_reverse,0.0
HISt2rpp_reverse,0.0
HOMtex_reverse,0.0
HYXNtpp_reverse,0.0
ILEt2rpp_reverse,0.0
INDOLEt2rpp_reverse,0.0
INSt2rpp_reverse,0.0
LEUt2rpp_reverse_num1,0.0
L_LACt2rpp_reverse,0.0
LYSt2pp_reverse,1.4788537443338037
METt2rpp_reverse,0.0
NAtex_reverse,0.0
NO3tex_reverse,0.0
NOtex_reverse,0.0
O2Stex_reverse,0.0
PHEt2rpp_reverse,0.0
PSERtex_reverse_num1,0.0
PTRCORNt7pp_reverse,0.0
PYRt2rpp_reverse,0.0
THMDt2rpp_reverse,0.0
TRPt2rpp_reverse,0.0
TYRt2rpp_reverse,0.0
URAt2rpp_reverse_num1,0.0
UREAtpp_reverse,0.0
URIt2rpp_reverse,0.0
VALt2rpp_reverse,0.0
XANtpp_reverse,-0.032035911298095264
XTSNt2rpp_reverse,0.0
PHETA1_reverse_num1,0.0
PSCVT_reverse,0.0
SHK3Dr_reverse_num1,0.0
TYRTA_reverse_num1,0.0
ILETA_reverse,0.0
IPPMIa_reverse,-0.06309340808381017
IPPMIb_reverse,-0.06309340808381017
KARA1_reverse,-0.11227805851503239
KARA2_reverse,0.0
LEUTAi_reverse,0.0
ADNUC_num2,0.0
ADNUC_num3,-0.0014977998643417618
ALCD19_num2,0.0
ALCD19_num3,0.0
ARAI_num2,0.0
FFSD_num2,0.0
GNK_num2,0.0
HPYRI_num2,0.0
MCITL2_num2,0.0
MSDH_num2,0.0
PGLYCP_num2,0.0
PMANM_num2,0.0
RBK_num2,-0.0014547992137963338
UDPGPpp_num2,0.00251395152547336
MCITD_num2,0.0
MCITD_num3,0.0
ME1_num2,0.0
AMPTASEPG_num2,0.0
SPMDAT2_num2,0.0
SPMDAT2_num3,0.0
SPMDAT2_num4,0.0
SPMDAT2_num5,0.0
SPMDAT2_num6,0.0
SSALy_num2,0.0
SSALy_num3,-0.00101546520338232
3OAS100_num2,0.0
3OAS100_num3,0.0
3OAS120_num2,-0.03427544538385072
3OAS120_num3,0.0
3OAS121_num2,-0.04141292945139895
3OAS121_num3,0.0
3OAS140_num2,0.0
3OAS140_num3,0.0
3OAS141_num2,-0.04141292945139895
3OAS141_num3,0.0
3OAS160_num2,0.0
3OAS160_num3,0.0
3OAS161_num2,-0.040512730034948624
3OAS161_num3,0.0
3OAS180_num2,0.0
3OAS180_num3,0.0
3OAS181_num2,-0.03969557686906455
3OAS181_num3,0.0
3OAS60_num2,0.0
3OAS60_num3,0.0
3OAS80_num2,0.0
3OAS80_num3,-0.07568837483524966
AACPS1_num2,0.0
AACPS1_num3,0.0
AACPS2_num2,0.0
AACPS2_num3,0.0
AACPS3_num2,0.0
AACPS3_num3,0.0
AACPS4_num2,0.0
AACPS4_num3,0.0
AACPS5_num2,0.0
AACPS5_num3,0.0
AACPS6_num2,0.0
AACPS6_num3,0.0
AACPS7_num2,0.0
AACPS7_num3,0.0
AACPS8_num2,0.0
AACPS8_num3,0.0
AACPS9_num2,0.0
AACPS9_num3,0.0
FA100ACPHi_num2,0.0
FA120ACPHi_num2,0.0
FA140ACPHi_num2,0.0
FA141ACPHi_num2,0.0
FA160ACPHi_num2,0.0
FA161ACPHi_num2,0.0
FA80ACPHi_num2,0.0
FACOAL100t2pp_num2,0.0
FACOAL120t2pp_num2,0.0
FACOAL140t2pp_num2,0.0
FACOAL141t2pp_num2,0.0
FACOAL160t2pp_num2,0.0
FACOAL161t2pp_num2,0.0
FACOAL180t2pp_num2,0.0
FACOAL181t2pp_num2,0.0
FACOAL60t2pp_num2,0.0
FACOAL80t2pp_num2,0.0
MI1PP_num2,0.0
TDPGDH_num2,0.0
TDPGDH_num3,0.0
UAGCVT_num2,0.0
UAMDH_num2,0.0
UDPGD_num2,0.0
GALUi_num2,0.0
CS_num2,0.0
ACPS1_num2,0.0
ACPS1_num3,0.0
BMOCOS_num2,0.0
BMOCOS_num3,0.0
BWCOS_num2,0.0
BWCOS_num3,0.0
CPMPS_num2,0.0
DHPPDA2_num2,0.0
DHPS2_num2,0.0
DMATT_num2,0.0
GRTT_num2,0.0
GTPDPDP_num2,0.0
MOCOS_num2,0.0
MOCOS_num3,0.0
MSDHD_num2,0.0
NADDP_num2,0.0
NADPPPS_num2,0.0
NADPPPS_num3,-1.6834138332636638e-05
PANTS_num2,0.0
TMPPP_num2,0.0
TMPPP_num3,0.0
TRATF_num2,0.0
UPP3MT_num2,0.0
WCOS_num2,0.0
WCOS_num3,0.0
AMPTASECG_num2,0.0
MCPST_num2,0.0
MCPST_num3,0.0
GLNS_num2,0.0
G3PAT120_num2,0.0
G3PAT120_num3,0.0
G3PAT120_num4,0.0
G3PAT120_num5,0.0
G3PAT140_num2,0.0
G3PAT140_num3,0.0
G3PAT140_num4,0.0
G3PAT140_num5,0.0
G3PAT141_num2,0.0
G3PAT141_num3,0.0
G3PAT141_num4,0.0
G3PAT141_num5,0.0
G3PAT160_num2,0.0
G3PAT160_num3,0.0
G3PAT160_num4,0.0
G3PAT160_num5,0.0
G3PAT161_num2,0.0
G3PAT161_num3,0.0
G3PAT161_num4,0.0
G3PAT161_num5,0.0
G3PAT180_num2,0.0
G3PAT180_num3,0.0
G3PAT180_num4,0.0
G3PAT180_num5,0.0
G3PAT181_num2,0.0
G3PAT181_num3,0.0
G3PAT181_num4,0.0
G3PAT181_num5,0.0
LPLIPAL1A180pp_num2,0.0
GAPD_num2,-0.06840750522787864
GLCP_num2,0.0
GLCP2_num2,0.0
PGM_num2,-0.017574039738695865
PGM_num3,-0.03615278846167527
PGM_num4,-0.03926618674565982
PGM_num5,0.1592059630612759
PYK_num2,0.0
HSTPT_num2,0.0
CAt6pp_num2,0.0
CAt6pp_num3,0.0
CAt6pp_num4,0.0
CAt6pp_num5,0.0
CAt6pp_num6,0.0
CAt6pp_num7,0.0
CAt6pp_num8,0.0
CAt6pp_num9,0.0
CYANSTpp_num2,0.0
CYANSTpp_num3,0.0
CYANSTpp_num4,0.0
CYANSTpp_num5,0.0
FE3abcpp_num2,0.0
Kabcpp_num2,0.0
Kabcpp_num3,0.0
Kabcpp_num4,0.0
Kabcpp_num5,0.0
MG2t3_2pp_num2,0.0
NAt3_1p5pp_num2,0.0
NAt3_1p5pp_num3,0.0
NAt3_1p5pp_num4,0.0
NAt3_1p5pp_num5,0.0
NAt3_1p5pp_num6,0.0
NAt3_1p5pp_num7,0.0
NAt3_1p5pp_num8,0.0
NAt3_1p5pp_num9,0.0
NAt3_2pp_num2,0.0
NAt3_2pp_num3,0.0
NAt3_2pp_num4,0.0
NAt3_2pp_num5,0.0
NAt3_2pp_num6,0.0
NAt3_2pp_num7,0.0
NAt3_2pp_num8,0.0
NAt3_2pp_num9,0.0
NH4tpp_num2,-0.07852492857399984
ZN2abcpp_num2,-4.821603946929956e-05
FE2tpp_num2,0.0
MI2DH_num2,0.0
MI2DH_num3,0.0
MI2DH_num4,0.0
U23GAAT_num2,0.0
U23GAAT_num3,0.0
U23GAAT_num4,0.0
U23GAAT_num5,0.0
UAGAAT_num2,0.0
UAGAAT_num3,0.0
UAGAAT_num4,0.0
UAGAAT_num5,0.0
ACCOAC_num2,-0.5688170144819884
ACOATA_num2,0.0
ACOATA_num3,0.0
ACOATA_num4,0.0
ACOATA_num5,0.0
KAS14_num2,0.0
KAS14_num3,0.0
KAS15_num2,0.0
KAS15_num3,0.0
MCOATA_num2,-0.5688109317151022
MCOATA_num3,0.0
MCOATA_num4,0.0
MCOATA_num5,0.0
HSST_num2,0.0
METSOXR1_num2,0.0
SHSL1_num2,0.0
MPTG_num2,0.0
MPTG_num3,0.0
MPTG_num4,0.0
MPTG2_num2,0.0
MPTG2_num3,0.0
MPTG2_num4,0.0
NHFRBO_num2,0.0
DCTPD_num2,-0.00019791300341423737
GSNHYDRO_num2,-0.0014547992137963338
HXPRT_num2,-0.0015909484283741868
UPPRT_num2,0.0
XTSNH_num2,0.0
XTSNH_num3,0.0
FDH4pp_num2,0.0
FDH5pp_num2,0.0
NADPHQR2_num2,0.0
NADPHQR2_num3,0.0
NADPHQR2_num4,0.0
NADPHQR3_num2,0.0
NADPHQR3_num3,0.0
NADPHQR3_num4,0.0
NADPHQR4_num2,0.0
NADPHQR4_num3,0.0
NADPHQR4_num4,0.0
IMPD_num2,0.0
IMPD_num3,0.0
ALCD2x_num2,0.0
DAPDC_num2,0.0
THDPS_num2,0.0
ACMANAptspp_num2,0.0
ACMUMptspp_num2,0.0
GLYBabcpp_num2,0.0
LEUt2rpp_num2,0.0
LEUt2rpp_num3,0.0
PA120abcpp_num2,0.0
PA140abcpp_num2,0.0
PA141abcpp_num2,0.0
PA160abcpp_num2,0.0
PA161abcpp_num2,0.0
PA180abcpp_num2,0.0
PA181abcpp_num2,0.0
PGP120abcpp_num2,0.0
PGP140abcpp_num2,0.0
PGP141abcpp_num2,0.0
PGP160abcpp_num2,0.0
PGP161abcpp_num2,0.0
PGP180abcpp_num2,0.0
PGP181abcpp_num2,0.0
PHEMEabcpp_num2,0.0
PSERtex_num2,0.0
PSERtex_num3,0.0
PSERtex_num4,0.0
TREptsp_num2,-0.0005377763861363184
TREptsp_num3,0.0
TREptspp_num2,0.0
TREptspp_num3,0.0
URAt2pp_num2,0.0
URAt2rpp_num2,0.0
XANt2pp_num2,0.0
ALATRS_num2,0.0
ALATRS_num3,0.0
ALATRS_num4,0.0
ARGTRS_num2,0.0
ARGTRS_num3,0.0
ARGTRS_num4,0.0
ARGTRS_num5,0.0
ASNTRS_num2,0.0
CYSTRS_num2,0.0
FMETTRS_num2,0.0
GLUTRS_num2,0.0
GLUTRS_num3,0.0
GLUTRS_num4,0.0
GLYTRS_num2,0.0
GLYTRS_num3,0.0
GLYTRS_num4,0.0
GLYTRS_num5,0.0
ILETRS_num2,0.0
LEUTRS_num2,0.0
LEUTRS_num3,0.0
LEUTRS_num4,0.0
LEUTRS_num5,0.0
LEUTRS_num6,0.0
LYSTRS_num2,0.0
LYSTRS_num3,0.0
METTRS_num2,0.0
METTRS_num3,0.0
METTRS_num4,0.0
PROTRS_num2,0.0
PROTRS_num3,0.0
SERTRS_num2,0.0
SERTRS_num3,0.0
SERTRS_num4,0.0
THRTRS_num2,0.0
THRTRS_num3,0.0
THRTRS_num4,0.0
VALTRS_num2,0.0
VALTRS_num3,0.0
VALTRS_num4,0.0
PHETA1_num2,0.0
SHK3Dr_num2,0.0
TYRTA_num2,-0.013930655213873907
THRD_L_num2,0.0
ALCD19_reverse_num2,0.0
ALCD19_reverse_num3,0.0
ARAI_reverse_num2,0.0
HPYRI_reverse_num2,0.0
MCITL2_reverse_num2,0.0
PMANM_reverse_num2,0.0
MCITD_reverse_num2,0.0
MCITD_reverse_num3,0.0
GALUi_reverse_num2,0.00013061441004337326
TRATF_reverse_num2,0.0
GAPD_reverse_num2,0.0
PGM_reverse_num2,0.0
PGM_reverse_num3,0.0
PGM_reverse_num4,0.0
PGM_reverse_num5,0.0
CAt6pp_reverse_num2,0.0
CAt6pp_reverse_num3,0.0
CAt6pp_reverse_num4,0.0
CAt6pp_reverse_num5,0.0
CAt6pp_reverse_num6,0.0
CAt6pp_reverse_num7,0.0
CAt6pp_reverse_num8,3.832214752434997e-18
CAt6pp_reverse_num9,0.0
MG2t3_2pp_reverse_num2,0.0
NH4tpp_reverse_num2,0.0
MI2DH_reverse_num2,0.0
MI2DH_reverse_num3,0.0
MI2DH_reverse_num4,0.0
UAGAAT_reverse_num2,0.0
UAGAAT_reverse_num3,0.0
UAGAAT_reverse_num4,0.0
UAGAAT_reverse_num5,0.0
ACOATA_reverse_num2,0.0
ACOATA_reverse_num3,0.0
ACOATA_reverse_num4,0.0
ACOATA_reverse_num5,0.0
MCOATA_reverse_num2,0.0
MCOATA_reverse_num3,0.0
MCOATA_reverse_num4,0.0
MCOATA_reverse_num5,0.0
ALCD2x_reverse_num2,0.0
LEUt2rpp_reverse_num2,0.0
LEUt2rpp_reverse_num3,0.0
PSERtex_reverse_num2,0.0
PSERtex_reverse_num3,0.0
PSERtex_reverse_num4,0.0
URAt2rpp_reverse_num2,0.0
PHETA1_reverse_num2,0.0
SHK3Dr_reverse_num2,0.0
TYRTA_reverse_num2,0.0
EX_fe2_e_reverse,-0.01542418567705532
EX_fe3_e_reverse,0.0