,EX_lys_L_e
10fthf_c,0.10871231418500076
13dpg_c,0.06794427411704237
14dhncoa_c,0.0
1ag3p_SC_c,0.005694208258684437
1ddecg3p_c,0.0
1hdec9eg3p_c,0.0
1hdecg3p_c,0.0
1odec11eg3p_c,0.0
1odecg3p_c,0.0
1pyr5c_c,0.02858026063969979
1tdec7eg3p_c,0.0
1tdecg3p_c,0.0
23dhacoa_c,0.0
23dhdp_c,1.437517525374226
23dhmb_c,0.11227805851503239
23dhmp_c,0.033883513310149986
25aics_c,0.04757882093669917
25drapp_c,0.0
26dap_LL_c,0.0
26dap__M_c,1.4531427712026372
26dap__M_e,0.0
2ahbut_c,0.033883513310149986
2cpr5p_c,0.004943246973911874
2dda7p_c,0.04192552606564186
2dhp_c,0.00011209795688138235
2dmmq8_c,0.0
2dmmql8_c,0.0
2dr5p_c,0.0
2fe2s_c,0.0
2h3oppan_c,0.0
2ins_c,0.0
2ippm_c,0.06309340808381017
2mahmp_c,0.0
2mcacn_c,0.0
2mcit_c,0.0
2me4p_c,0.00011845346605447497
2mecdp_c,0.00011845346605447497
2mop_c,0.0
2obut_c,0.033883513310149986
2ombzl_c,0.0
2ommbl_c,0.0
2p4c2me_c,0.00011845346605447497
2pg_c,0.12833691874953854
2pglyc_c,0.0
2saa_c,0.0
2sephchc_c,0.0
34hpp_c,0.013930655213873907
3amp_c,0.0
3amp_e,0.0
3c2hmp_c,0.06309340808381017
3c3hmp_c,0.06309340808381017
3c4mop_c,0.06309340808381017
3cmp_c,0.0
3cmp_e,0.0
3dhq_c,0.04192552606564186
3dhsk_c,0.04192552606564186
3gmp_c,0.0
3gmp_e,0.0
3haACP_c,0.07568837483524966
3hadpcoa_c,0.0
3hcddec5eACP_c,0.04141292945139895
3hcmrs7eACP_c,0.04141292945139895
3hcpalm9eACP_c,0.040512730034948624
3hcvac11eACP_c,0.03969557686906455
3hddecACP_c,0.03427544538385072
3hdecACP_c,0.07568837483524966
3hhexACP_c,0.07568837483524966
3hmrsACP_c,0.03427544538385072
3hoctACP_c,0.07568837483524966
3hoctaACP_c,0.0006925837900346158
3hpalmACP_c,0.03377979200955608
3ig3p_c,0.004943246973911874
3mob_c,0.11227805851503238
3mop_c,0.033883513310149986
3ocddec5eACP_c,0.04141292945139895
3ocmrs7eACP_c,0.04141292945139895
3ocpalm9eACP_c,0.040512730034948624
3ocvac11eACP_c,0.03969557686906455
3oddecACP_c,0.03427544538385072
3odecACP_c,0.07568837483524966
3ohexACP_c,0.07568837483524966
3omrsACP_c,0.03427544538385072
3ooctACP_c,0.07568837483524966
3ooctdACP_c,0.0006925837900346158
3opalmACP_c,0.03377979200955608
3pg_c,0.5106041415081805
3php_c,0.19628119286657997
3psme_c,0.04192552606564186
3ump_c,0.0
3ump_e,0.0
4abut_c,0.015873664026490132
4abut_e,0.0
4abz_c,0.0
4adcho_c,0.0
4ampm_c,0.0
4c2me_c,0.00011845346605447497
4crsol_c,0.0
4fe4s_c,0.0
4mhetz_c,0.0
4mop_c,0.06309340808381017
4mpetz_c,0.0
4pasp_c,1.3410365892584457
4ppan_c,0.00011209795688138392
4ppcys_c,0.00011209795688138392
4r5au_c,0.0
5aizc_c,0.050366554939754477
5aop_c,0.0
5apru_c,0.0
5caiz_c,0.050366554939754477
5dh4dglc_c,0.0
5fthf_c,0.0
5mta_c,0.0
5mthf_c,0.013615070726884927
5prdmbz_c,0.0
6hmhpt_c,0.0
6hmhptpp_c,0.0
6p5d2dg_c,0.0
6pgc_c,1.5084752828099748
6pgl_c,1.5084752828099748
8aonn_c,0.0
ACP_c,0.5688109317151022
LalaDgluMdapDala_c,0.0
N1aspmd_c,0.0
aacoa_c,0.0
acACP_c,0.0
ac_c,0.02326510467991558
ac_e,0.0
acac_c,0.0
acac_e,0.0
acald_c,0.0013181179247798924
acald_e,0.0
accoa_c,1.8678067141879975
acg5p_c,0.03406302978373703
acg5sa_c,0.03406302978373703
acgam1p_c,0.0013675311194657523
acgam1p_e,0.0
acgam6p_c,0.0
acgam_c,0.0
acgam_e,0.0
acglc__D_c,0.0
acglu_c,0.03406302978373703
achms_c,0.0
acmalt_c,0.0
acmana_c,0.0
acmana_e,0.0
acmanap_c,0.0
acmum6p_c,0.0
acmum_e,0.0
acnam_c,0.0
acon_C_c,1.1130664509418242
acorn_c,0.03406302978373703
acser_c,0.021636240037560765
acser_e,0.0
actACP_c,0.07568837483524966
actp_c,0.02326510467991558
ade_c,0.0036903499022599116
ade_e,0.0
adn_c,0.0014977998643417618
adn_e,0.0
adocbi_c,0.0
adocbip_c,0.0
adocbl_c,0.0
adocbl_e,0.0
adp_c,11.37781715374946
adpglc_c,0.0
adprib_c,0.0
agdpcbi_c,0.0
ahcys_c,0.0
ahdt_c,0.0
aicar_c,0.05998919867384385
air_c,0.04757882093669918
akg_c,1.3006840474991237
akg_e,0.0
ala_B_c,0.00011209795688138392
ala_B_e,0.0
ala__D_c,0.014495147452033334
ala__D_e,0.0
ala__L_c,0.13595910989296356
ala__L_e,0.0
alaala_c,0.01615580237852157
alaala_e,0.0
alac__S_c,0.11227805851503239
alatrna_c,0.0
amet_c,0.0004384924225931744
ametam_c,0.0
amob_c,0.0
amp_c,0.23764536732410643
amp_e,0.0
anhgm4p_c,0.0
anhgm_c,0.0
anth_c,0.004943246973911874
ap5a_c,0.0
apg_c,0.004792849854580759
apoACP_c,0.0
apo_c,0.0
aps_c,0.021636240037560765
arab__L_c,0.0
arab__L_e,0.0
arabino_c,0.16367764934422338
arbt6p_c,0.0
arbt_e,0.0
arg__L_c,0.08843176038769701
arg__L_e,0.0
argsuc_c,0.03406302978373703
argtrna_c,0.0
ascb6p_c,0.0
ascb__L_e,0.0
asn__L_c,0.10334941980985164
asn__L_e,0.0
asntrna_c,0.0
asp__L_c,1.5742471206917517
asp__L_e,0.0
aspsa_c,1.5339984614900064
asptrna_c,0.0
atp_c,7.361029936205171
b2coa_c,0.0
bccp_c,0.0
bccp_e,0.0
betald_c,0.0
bglycogen_c,0.0
biomass_c,0.16367764934422338
bmoco_c,0.0
btamp_c,0.0
btcoa_c,0.0
btn_c,0.0004384924225931744
btn_e,5.525495587834809e-07
btnco2_c,0.0
but2eACP_c,0.07568837483524966
butACP_c,0.07568837483524966
bwco_c,0.0
ca2_c,0.015713124993413118
ca2_e,3.832214752434997e-18
camp_c,0.0
cbasp_c,0.022991103666328144
cbccp_c,0.0
cbp_c,0.05705413345006517
cd2_c,0.0
cd2_e,0.0
cddec5eACP_c,0.04141292945139895
cdec3eACP_c,0.04141292945139895
cdp_c,0.005051580217176573
cdpdag_c,0.005547404733997755
cdpdddecg_c,0.0
cdpdhdec9eg_c,0.0
cdpdhdecg_c,0.0
cdpdodec11eg_c,0.0
cdpdodecg_c,0.0
cdpdtdec7eg_c,0.0
cdpdtdecg_c,0.0
cgly_c,0.0
cgly_e,0.0
ch4s_c,0.0
chor_c,0.04232057002804997
chtbs6p_c,0.0
chtbs_e,0.0
cit_c,1.1133771976593991
cit_e,0.0
citr__L_c,0.03406302978373703
cl_c,0.010184678052794955
cl_e,0.0027642234703090787
clpn_c,0.004761710174722145
cmp_c,0.005034461580910578
cmp_e,0.0
co2_c,4.247513527262582
co2_e,2.0759731384238327
coa_c,2.734798171146163
cobalt2_c,0.010184678052794955
cobalt2_e,2.672459521053398e-05
cpmp_c,0.0
cpppg3_c,0.0
crnDcoa_c,0.0
crn__D_c,0.0
crn__D_e,0.0
crn_c,0.0
crn_e,0.0
crncoa_c,0.0
crtn_c,0.0
ctbt_c,0.0
ctbt_e,0.0
ctbtcoa_c,0.0
ctp_c,0.014539950464060295
cu2_c,0.010184678052794955
cu2_e,0.0007527801089162335
cu_c,0.0
cu_e,0.0
cyan_c,0.0
cyan_e,0.0
cys__L_c,0.10215892907146734
cys__L_e,0.0
cyst__L_c,0.013615070726884927
cystrna_c,0.0
cytd_c,0.0
cytd_e,0.0
d52dg_c,0.0
d5dg_c,0.0
dad_2_c,0.0
dad_2_e,0.0
dad_5_c,0.0
dadp_c,0.0012798286522109454
damp_c,0.0017006107766864807
damp_e,0.0
dann_c,0.0
datp_c,0.0
db4p_c,0.0
dc2coa_c,0.0
dcaACP_c,0.03427544538385072
dca_c,0.0
dca_e,0.0
dcacoa_c,0.0
dcamp_c,0.0209758266804657
dcdp_c,0.0017789826801974952
dcmp_c,0.0017006107766864807
dcmp_e,0.0
dctp_c,0.0002887034443715982
dcyt_c,0.0
dcyt_e,0.0
dd2coa_c,0.0
ddcaACP_c,0.03427544538385072
ddca_c,0.0
ddca_e,0.0
ddcacoa_c,0.0
ddcap_c,0.0
dgdp_c,0.0014902792358258976
dgmp_c,0.0017006107766864807
dgmp_e,0.0
dgsn_c,0.0
dgsn_e,0.0
dgtp_c,0.0
dha_c,0.0
dha_e,0.0
dhap_c,0.3315930362272284
dhf_c,0.0
dhgly_c,0.0
dhmptp_c,0.0
dhna_c,0.0
dhor__S_c,0.022991103666328144
dhpt_c,0.0
dhptdn_c,0.0
didp_c,0.0
dimp_c,0.0
dimp_e,0.0
din_c,0.0
din_e,0.0
ditp_c,0.0
dmbzid_c,0.0
dmlz_c,0.0
dmpp_c,1.0768496914043177e-05
dms_c,0.0
dms_e,0.0
dmso_c,0.0
dmso_e,0.0
dna_c,0.16367764934422338
dnad_c,0.00044317552166734216
dpcoa_c,0.00011209795688138392
dscL_c,0.0
dtbt_c,0.0
dtdp4d6dg_c,0.0
dtdp4d6dm_c,0.0
dtdp_c,0.0
dtdpglu_c,0.0
dtmp_c,0.0017006107766864807
dtmp_e,0.0
dttp_c,0.0
dudp_c,0.0009911252078393462
dump_c,0.001279828652210944
dump_e,0.0
duri_c,0.0
duri_e,0.0
dutp_c,0.0002887034443715982
dxyl5p_c,0.00011845346605447497
e4p_c,0.6279010672684926
eig3p_c,0.012043521447200455
etha_c,0.0
etha_e,0.0
etoh_c,0.0
etoh_e,0.0
f1p_c,0.0
f6p_c,0.45482690782321294
f6p_e,0.002477357441737813
fad_c,0.0
fadh2_c,0.0
fald_c,0.0
fdp_c,0.33227399863424517
fdxox_c,0.0
fdxrd_c,0.0
fe2_c,0.012257820193831632
fe2_e,0.01542418567705532
fe3_c,0.010184678052794955
fe3_e,0.0
fe3dhbzs_c,0.0
fe3dhbzs_e,0.0
fgam_c,0.04872311551115691
fldox_c,0.0
fldrd_c,0.0
fmettrna_c,0.0
fmn_c,0.0
fmnh2_c,0.0
for_c,0.0003668562899442246
for_e,0.0
fpram_c,0.04757882093669917
fprica_c,0.060356054963788076
frdp_c,1.0768496914043177e-05
freemyco_c,0.01935329375614847
fru_c,0.0
fru_e,0.0
fruur_c,0.0
fruur_e,0.0
fum_c,0.985852544843122
fum_e,0.0
g1p_c,0.004230861791203604
g1p_e,0.0
g3p_c,0.6145176274931351
g3pc_c,0.0
g3pc_e,0.0
g3pe_c,0.0
g3pe_e,0.0
g3pg_c,0.0
g3pg_e,0.0
g3pi_c,0.0
g3pi_e,0.0
g3ps_c,0.0
g3ps_e,0.0
g6p_c,2.912748546689327
g6p_e,0.0
gal1p_c,0.0
gal1p_e,0.0
gal_c,0.0
galt1p_c,0.0
galt_e,0.0
gam1p_c,0.023437868742616382
gam6p_c,0.02655047937622639
gam6p_e,0.0
gam_c,0.0
gam_e,0.0
gar_c,0.05532775223042071
gcald_c,0.0
gdp_c,0.05530361377809126
gdpmann_c,0.0
gdptp_c,0.0
glc__D_c,0.018351249870363396
glc__D_e,0.014798616759888143
glcn_c,0.0
glcn_e,0.0
glcr_c,0.0
glcur1p_c,0.0
glcur1p_e,0.0
glcur_c,0.0
glcur_e,0.0
gln__L_c,0.2808703654551646
gln__L_e,0.0
glntrna_c,0.0
glu1sa_c,0.0
glu5p_c,0.02858026063969979
glu5sa_c,0.02858026063969979
glu__D_c,0.00781262291420546
glu__L_c,2.159669866401267
glu__L_e,0.0
glucys_c,0.0
glutrna_c,0.0
glx_c,0.0
gly_c,0.16049825850732308
gly_e,0.0
glyald_c,0.0
glyald_e,0.0
glyb_c,0.0
glyb_e,0.0
glyc2p_c,0.0
glyc2p_e,0.0
glyc3p_c,0.010771650674149069
glyc3p_e,0.0
glyc__R_c,0.0
glyc__R_e,0.0
glyc_c,3.7172195521241906e-05
glyc_e,0.0
glyclt_c,0.0
glycogen_c,0.0
glytrna_c,0.0
gmp_c,0.008383342504367692
gmp_e,0.0
gp4g_c,0.0
grdp_c,1.0768496914043177e-05
grxox_c,0.0
grxrd_c,0.0
gsn_c,0.0014547992137963338
gsn_e,0.0
gthox_c,0.0
gthrd_c,0.0
gthrd_e,0.0
gtp_c,0.06329587923343186
gua_c,0.0014547992137963338
gua_e,0.0014547992137963338
h2_c,0.0
h2_e,0.0
h2mb4p_c,0.00011845346605447495
h2o2_c,0.0
h2o_c,11.907349479991685
h2o_e,2.7341921246108933
h2s_c,0.021636240037560765
h2s_e,0.0
h_c,23.747026937842367
h_e,10.251017498891247
hcat_c,0.0
hco3_c,2.8286388010238657
hcys__L_c,0.013615070726884927
hdca_c,0.0
hdca_e,0.0
hdcap_c,0.0
hdcea_c,0.0
hdcea_e,0.0
hdceap_c,0.0
hdcoa_c,0.0
hdd2coa_c,0.0
hdeACP_c,0.1153839517043142
hexACP_c,0.07568837483524966
his__L_c,0.08843176038769701
his__L_e,0.0
hisp_c,0.012043521447200455
histd_c,0.012043521447200455
histrna_c,0.0
hmbil_c,0.0
hom__L_c,0.09648093611578429
hom__L_e,0.0
hpyr_c,0.0
hx2coa_c,0.0
hxa_c,0.0
hxa_e,0.0
hxan_c,0.0015909484283741868
hxan_e,0.0
hxcoa_c,0.0
iasp_c,0.00044317552166734216
ichor_c,0.0
icit_c,1.1130664509418242
idp_c,0.0
ile__L_c,0.08843176038769701
ile__L_e,0.0
iletrna_c,0.0
imacp_c,0.012043521447200455
imp_c,0.06158014710221632
imp_e,0.0
indole_c,0.0
indole_e,0.0
inost_c,0.0
inost_e,0.0
ins_c,0.0015909484283741868
ins_e,0.0
ions_c,0.16367764934422338
ipdp_c,3.230549074212953e-05
isetac_c,0.0
itp_c,0.0
k_c,0.010184678052794955
k_e,0.2073152325714731
lac__D_c,0.0
lac__D_e,0.0
lac__L_c,0.0
lac__L_e,0.0
leu__L_c,0.08843176038769701
leu__L_e,0.0
leutrna_c,0.0
lgt_S_c,0.0
lipoamp_c,0.0
lipoate_c,0.0
lipopb_c,0.0
lys__L_c,1.5672855047215006
lys__L_e,1.4788537443338037
lystrna_c,0.0
lyx__L_c,0.0
malACP_c,0.5688109317151018
mal__L_c,2.539211888498829
mal__L_e,0.0
malcoa_c,0.5692494241376954
malt6p_c,0.0
malt_c,0.0
malt_e,0.0
malthp_c,0.0
malthx_c,0.0
maltpt_c,0.0
malttr_c,0.0
maltttr_c,0.0
man1p_c,0.0
man6p_c,0.0
man6p_e,0.0
man_e,0.0
mercppyr_c,0.0
met__L_c,0.08847520884788208
met__L_e,0.0
methf_c,0.10720116332059879
metsox_S__L_c,0.0
mettrna_c,0.0
mg2_c,0.010184678052794955
mg2_e,0.009213976387583074
mi1p__D_c,0.0
mi3p__D_c,0.0
micit_c,0.0
mlthf_c,0.12220816065657604
mmcoa__R_c,0.0
mmcoa__S_c,0.0
mn2_c,0.010184678052794955
mn2_e,0.0007343560263187274
mnl1p_c,0.0
mnl_c,0.0
mnl_e,0.0
moadamp_c,0.0
moadcoo_c,0.0
moadcosh_c,0.0
mobd_c,0.0
moco_c,0.0
mpt_c,0.0
mptamp_c,0.0
mql8_c,0.0
mqn8_c,0.0
msa_c,0.0
mthgxl_c,0.0
murein4p3p_c,0.0
murein4p4p_c,0.0
murein5p3p_c,0.0
murein5p4p_c,0.0
murein5p5p5p_c,0.0
murein5p5p5p_e,0.0
murein5p5p_c,0.0
murein5p5p_e,0.0
murein5px3p_c,0.0
murein5px4p_c,0.0
murein5px4px4p_c,0.0
mycoli_c,0.16367764934422338
myrsACP_c,0.10946816684480573
n2o_c,0.0
n2o_e,0.0
n8aspmd_c,0.0
na1_c,3.832214752434997e-18
na1_e,3.832214752434997e-18
nac_c,0.0
nac_e,0.0
nad_c,3.9348241786908558
nadh_c,7.688376359951712
nadp_c,5.966687567780644
nadph_c,5.644944255946644
ncam_c,0.0
nh3_c,0.0
nh4_c,2.143393160862312
nh4_e,1.6828408447119187
ni2_c,0.010184678052794955
ni2_e,0.0003427653398668144
nicrnt_c,0.00044317552166734216
nmeth_c,0.0
nmn_c,0.0
nmn_e,0.0
no2_c,0.0
no2_e,0.0
no3_c,0.0
no3_e,0.0
no_c,0.0
no_e,0.0
o2_c,6.182395111362801
o2_e,6.184468253503837
o2s_c,0.0
o2s_e,0.0
oaa_c,4.439008393616331
oc2coa_c,0.0
ocACP_c,0.07568837483524966
occoa_c,0.0
ocdcaACP_c,0.07568837483524965
ocdca_c,0.0
ocdca_e,0.0
ocdcap_c,0.0
ocdcea_c,0.0
ocdcea_e,0.0
ocdceap_c,0.0
octa_c,0.0
octa_e,0.0
octapb_c,0.0
octdp_c,0.0
octeACP_c,0.07568837483524965
od2coa_c,0.0
odecoa_c,0.0
ohpb_c,0.0
orn_c,0.03406302978373703
orn_e,0.0
orot5p_c,0.022991103666328144
orot_c,0.022991103666328144
orot_e,0.0
pa120_c,0.0
pa120_e,0.0
pa140_c,0.0
pa140_e,0.0
pa141_c,0.0
pa141_e,0.0
pa160_c,0.0
pa160_e,0.0
pa161_c,0.0
pa161_e,0.0
pa180_c,0.0
pa180_e,0.0
pa181_c,0.0
pa181_e,0.0
pa_c,0.010309114908719899
pac_c,0.0
pacald_c,0.0
palmACP_c,0.07638095862528425
pan4p_c,0.00011209795688138392
pant__R_c,0.00011209795688138392
pap_c,0.0
paps_c,0.0
pdx5p_c,0.0
pep_c,0.31829836253225907
peptid_c,0.16367764934422338
pgp120_c,0.0
pgp120_e,0.0
pgp140_c,0.0
pgp140_e,0.0
pgp141_c,0.0
pgp141_e,0.0
pgp160_c,0.0
pgp160_e,0.0
pgp161_c,0.0
pgp161_e,0.0
pgp180_c,0.0
pgp180_e,0.0
pgp181_c,0.0
pgp181_e,0.0
phe__L_c,0.08843176038769701
phe__L_e,0.0
pheme_c,0.0
pheme_e,0.0
phetrna_c,0.0
phom_c,0.08286586538889534
phosph_c,0.16367764934422338
phpyr_c,0.02300817541767101
phthr_c,0.0
pi_c,10.99573248162673
pi_e,0.08628385738377589
pim_c,0.004761710174722145
pit_c,0.005050865025082148
pmtcoa_c,0.0
pnto__R_c,0.00011209795688138392
pnto__R_e,0.0
ppa_c,0.0
ppa_e,0.0
ppbng_c,0.0
ppcoa_c,0.0
ppgpp_c,0.0
pphn_c,0.03693883063154492
ppi_c,0.37992286440033585
ppp9_c,0.0
pppg9_c,0.0
pppi_c,0.0014547992137963338
ppt_c,0.0
ppt_e,0.0
pram_c,0.05418345765596297
pran_c,0.004943246973911874
prbamp_c,0.012043521447200455
prbatp_c,0.012043521447200455
prfp_c,0.012777234027088906
prlp_c,0.012777234027088906
pro__L_c,0.08843176038769701
pro__L_e,0.0
progly_c,0.0
progly_e,0.0
protein_c,0.16367764934422338
protrna_c,0.0
prpp_c,0.09328116687644109
pser__L_c,0.19628119286657997
pser__L_e,0.0
ptrc_c,0.0
ptrc_e,0.0
pyam5p_c,0.0
pydam_c,0.0
pydx5p_c,0.0004384924225931744
pydx_c,0.0
pydx_e,0.0
pydxn_c,0.0
pyr_c,5.809459655533215
pyr_e,0.0
q8_c,6.180321969221764
q8h2_c,6.180321969221764
quln_c,0.00044317552166734216
r5p_c,0.7547312923568256
r5p_e,0.0
rbl__L_c,0.0
rdmbzi_c,0.0
rhcys_c,0.0
rib__D_c,0.032809535585273
rib__D_e,0.0
ribflv_c,0.0
rna_c,0.16367764934422338
ru5p__D_c,1.4983963798808413
s7p_c,0.5440500151372089
s_c,0.0
sarcs_c,0.0
sbt6p_c,0.0
sbt__D_e,0.0
sbzcoa_c,0.0
ser__D_c,0.0
ser__D_e,0.0
ser__L_c,0.24067393658120412
ser__L_e,0.0
sertrna_c,0.0
skm5p_c,0.04192552606564186
skm_c,0.04192552606564186
skm_e,0.0
sl26da_c,0.0
sl2a6o_c,0.0
so3_c,0.021636240037560765
so3_e,0.0
so4_c,0.03182091809035572
so4_e,0.02624327915474256
soluble_pool_c,0.16367764934422338
spmd_c,0.0
spmd_e,0.0
stcoa_c,0.0
suc6p_c,0.0
sucbz_c,0.0
succ_c,0.8832348674422248
succ_e,0.0
succoa_c,0.8673565203166608
suchms_c,0.013615070726888945
sucr_e,0.0
sucsal_c,0.015873664026490132
t3c11vaceACP_c,0.03969557686906455
t3c5ddeceACP_c,0.04141292945139895
t3c7mrseACP_c,0.04141292945139895
t3c9palmeACP_c,0.040512730034948624
tag6p__D_c,0.0
tagdp__D_c,0.0
tau_c,0.0
tcynt_c,0.0
tcynt_e,0.0
td2coa_c,0.0
tdcm_c,0.017346557277500792
tdcoa_c,0.0
tddec2eACP_c,0.03427544538385072
tdeACP_c,0.10481268835282939
tdec2eACP_c,0.07568837483524966
tdecoa_c,0.0
thcd_c,0.0
thdp_c,1.437517525374226
thex2eACP_c,0.07568837483524966
thf_c,0.12371931152097847
thm_c,0.0
thm_e,0.0
thmmp_c,0.0
thmpp_c,0.0
thptdn_c,0.0
thr__L_c,0.122315273697847
thr__L_e,0.0
thrtrna_c,0.0
thymd_c,0.0
thymd_e,0.0
tma_e,0.0
tmao_e,0.0
tmcm_c,0.018115807706528844
tmrs2eACP_c,0.03427544538385072
toct2eACP_c,0.07568837483524966
toctd2eACP_c,0.0006925837900346158
tpalm2eACP_c,0.03377979200955608
trdox_c,0.02717645581363445
trdrd_c,0.027176455813634447
tre6p_c,0.005095896251392493
tre_c,0.0033137632938120484
tre_e,0.0
trnaala_c,0.0
trnaarg_c,0.0
trnaasn_c,0.0
trnaasp_c,0.0
trnacys_c,0.0
trnagln_c,0.0
trnaglu_c,0.0
trnagly_c,0.0
trnahis_c,0.0
trnaile_c,0.0
trnaleu_c,0.0
trnalys_c,0.0
trnamet_c,0.0
trnaphe_c,0.0
trnapro_c,0.0
trnasecys_c,0.0
trnaser_c,0.0
trnathr_c,0.0
trnatrp_c,0.0
trnatyr_c,0.0
trnaval_c,0.0
trp__L_c,0.08843176038769701
trp__L_e,0.0
trptrna_c,0.0
tsul_c,0.0
tsul_e,0.0
ttdca_c,0.0
ttdca_e,0.0
ttdcap_c,0.0
ttdcea_c,0.0
ttdcea_e,0.0
ttdceap_c,0.0
tungs_c,0.0
tyr__L_c,0.08843176038769701
tyr__L_e,0.0
tyrtrna_c,0.0
u23ga_c,0.0
u3aga_c,0.0
u3hga_c,0.0
uaagmda_c,0.0
uaccg_c,0.01562524582841092
uacgam_c,0.053851385830083115
uacgam_e,0.0
uagmda_c,0.0
uama_c,0.00781262291420546
uamag_c,0.00781262291420546
uamr_c,0.023968425292727028
udcpdp_c,0.0004384924225931744
udcpp_c,0.0
udp_c,0.1538149306835547
udpara_c,0.01615580237852157
udpg_c,0.021435186101705382
udpg_e,0.0
udpgal_c,0.01615580237852157
udpgal_e,0.0
udpgalfur_c,0.0
udpglcur_c,0.0
udpglcur_e,0.0
ugmd_c,0.01615580237852157
ugmda_c,0.0
ump_c,0.024168004781334195
ump_e,0.0
uppg3_c,0.0
ura_c,0.0
ura_e,0.0
urea_c,0.0
urea_e,0.0
uri_c,0.0
uri_e,0.0
utp_c,0.1551913882966244
val__L_c,0.08843176038769701
val__L_e,0.0
valtrna_c,0.0
wco_c,0.0
xan_c,0.032035911298095264
xan_e,0.03203591129809527
xdp_c,0.0
xmp_c,0.041459052512473046
xmp_e,0.0
xtp_c,0.0016080329331344375
xtsn_c,0.028265988078763377
xtsn_e,0.0
xu5p__D_c,1.1300255563400596
xyl__D_c,0.0
xyl__D_e,0.0
xylu__D_c,0.0
xylu__L_c,0.0
xylu__L_e,0.0
zn2_c,0.0440995665209314
zn2_e,0.034276994511625525
