,reaction_id,FC,manipulation
0,HCO3E,1.477,unchanged
1,ICL,0.0,
2,MALS,0.0,
3,PPC,0.799,unchanged
4,ACONTa,-0.287,unchanged
5,ACONTb,-0.287,unchanged
6,CS_num1,-0.287,unchanged
7,PYRC,0.0,
8,SADT2,-2.295,
9,SULRi,-2.295,
10,EX_fum_e,2.998,
11,EX_h_e,1.493,
12,EX_h2o_e,1.531,
13,EX_h2s_e,0.0,
14,EX_o2_e,-0.454,
15,ENO,0.294,
16,FBA,0.277,unchanged
17,GAPD_num1,0.0,
18,PDH,-0.103,unchanged
19,PFK,0.277,unchanged
20,PGI,0.555,unchanged
21,PGK,0.222,
22,TPI,0.286,unchanged
23,O2tpp,-0.454,
24,SO3TRDRD,-2.295,
25,SULabcpp,-2.295,
26,ADK1,0.083,unchanged
27,NDPK1,-1.877,unchanged
28,ATPS4rpp,-2.527,
29,CYTBDpp,0.0,
30,NADH5,0.0,
31,SUCDi,-1.853,
32,TRDR,-2.295,
33,G6PDH2r,-2.594,unchanged
34,GND,-2.594,unchanged
35,PGL,-2.594,unchanged
36,RPE,-2.728,unchanged
37,TALA,-2.671,unchanged
38,TKT1,-2.671,unchanged
39,TKT2,-2.805,unchanged
40,GLCptspp,0.001,unchanged
41,FUM_reverse,0.0,
42,MDH_reverse,0.0,
43,EX_glc_e_reverse,0.0,
44,EX_so4_e_reverse,-2.295,
45,PPKr_reverse,-2.304,
46,RPI_reverse,-2.479,unchanged
47,FUMtex_reverse,2.998,
48,H2Otpp_reverse,-0.408,
49,H2Stex_reverse,0.0,
50,PGM_num5,0.294,
